BJUTmydt-04	RTS1	0.1333	86.0000	2.0000	86.0000
BJUTmydt-04	RTS2	0.0000	77.0000	0.0000	77.0000
BJUTmydt-04	RTS4	0.0000	95.0000	0.0000	95.0000
BJUTmydt-04	RTS5	0.1667	98.0000	1.0000	98.0000
BJUTmydt-04	RTS6	0.0625	94.0000	1.0000	94.0000
BJUTmydt-04	RTS10	0.0156	88.0000	1.0000	88.0000
BJUTmydt-04	RTS13	0.0000	89.0000	0.0000	89.0000
BJUTmydt-04	RTS14	0.0000	87.0000	0.0000	87.0000
BJUTmydt-04	RTS19	0.0000	76.0000	0.0000	76.0000
BJUTmydt-04	RTS21	0.0000	86.0000	0.0000	86.0000
BJUTmydt-04	RTS24	0.0000	95.0000	0.0000	95.0000
BJUTmydt-04	RTS25	0.0000	98.0000	0.0000	98.0000
BJUTmydt-04	RTS27	0.0000	77.0000	0.0000	77.0000
BJUTmydt-04	RTS28	0.0000	66.0000	0.0000	66.0000
BJUTmydt-04	RTS31	0.0000	96.0000	0.0000	96.0000
BJUTmydt-04	RTS32	0.0000	85.0000	0.0000	85.0000
BJUTmydt-04	RTS35	0.0000	96.0000	0.0000	96.0000
BJUTmydt-04	RTS36	0.0000	69.0000	0.0000	69.0000
BJUTmydt-04	RTS37	0.0952	84.0000	2.0000	84.0000
BJUTmydt-04	RTS43	0.0370	95.0000	1.0000	95.0000
BJUTmydt-04	MB226	0.0000	65.0000	0.0000	65.0000
BJUTmydt-04	MB229	0.0000	97.0000	0.0000	97.0000
BJUTmydt-04	MB230	0.0000	88.0000	0.0000	88.0000
BJUTmydt-04	MB239	0.0000	95.0000	0.0000	95.0000
BJUTmydt-04	MB254	0.0000	65.0000	0.0000	65.0000
BJUTmydt-04	MB256	0.0000	89.0000	0.0000	89.0000
BJUTmydt-04	MB258	0.0000	89.0000	0.0000	89.0000
BJUTmydt-04	MB265	0.0000	55.0000	0.0000	55.0000
BJUTmydt-04	MB267	0.0000	76.0000	0.0000	76.0000
BJUTmydt-04	MB276	0.0000	75.0000	0.0000	75.0000
BJUTmydt-04	MB286	0.0588	94.0000	1.0000	94.0000
BJUTmydt-04	MB319	0.0000	85.0000	0.0000	85.0000
BJUTmydt-04	MB320	0.0000	65.0000	0.0000	65.0000
BJUTmydt-04	MB332	0.1667	44.0000	1.0000	44.0000
BJUTmydt-04	MB351	0.0000	96.0000	0.0000	96.0000
BJUTmydt-04	MB358	0.1429	85.0000	1.0000	85.0000
BJUTmydt-04	MB361	0.0000	96.0000	0.0000	96.0000
BJUTmydt-04	MB362	0.0000	95.0000	0.0000	95.0000
BJUTmydt-04	MB363	0.0000	96.0000	0.0000	96.0000
BJUTmydt-04	MB365	0.0000	99.0000	0.0000	99.0000
BJUTmydt-04	MB371	0.0238	78.0000	1.0000	78.0000
BJUTmydt-04	MB377	0.1429	90.0000	2.0000	90.0000
BJUTmydt-04	MB381	0.0000	95.0000	0.0000	95.0000
BJUTmydt-04	MB382	0.0000	96.0000	0.0000	96.0000
BJUTmydt-04	MB391	0.0370	95.0000	1.0000	95.0000
BJUTmydt-04	MB392	0.0000	96.0000	0.0000	96.0000
BJUTmydt-04	MB409	0.0000	95.0000	0.0000	95.0000
BJUTmydt-04	MB410	0.0000	79.0000	0.0000	79.0000
BJUTmydt-04	MB414	0.0000	95.0000	0.0000	95.0000
BJUTmydt-04	MB420	0.0000	95.0000	0.0000	95.0000
BJUTmydt-04	MB425	0.0000	85.0000	0.0000	85.0000
BJUTmydt-04	MB431	0.0000	95.0000	0.0000	95.0000
BJUTmydt-04	MB436	0.0000	96.0000	0.0000	96.0000
BJUTmydt-04	MB438	0.0000	87.0000	0.0000	87.0000
BJUTmydt-04	MB440	0.0286	84.0000	1.0000	84.0000
BJUTmydt-04	AVG	0.0202	86.3091	0.2909	86.3091
BJUTmydt-05	RTS1	0.0000	69.0000	0.0000	69.0000
BJUTmydt-05	RTS2	0.0000	63.0000	0.0000	63.0000
BJUTmydt-05	RTS4	0.0000	89.0000	0.0000	89.0000
BJUTmydt-05	RTS5	0.0000	79.0000	0.0000	79.0000
BJUTmydt-05	RTS6	0.0000	79.0000	0.0000	79.0000
BJUTmydt-05	RTS10	0.0000	69.0000	0.0000	69.0000
BJUTmydt-05	RTS13	0.0435	68.0000	1.0000	68.0000
BJUTmydt-05	RTS14	0.0000	65.0000	0.0000	65.0000
BJUTmydt-05	RTS19	0.0000	68.0000	0.0000	68.0000
BJUTmydt-05	RTS21	0.0000	67.0000	0.0000	67.0000
BJUTmydt-05	RTS24	0.0000	69.0000	0.0000	69.0000
BJUTmydt-05	RTS25	0.0000	69.0000	0.0000	69.0000
BJUTmydt-05	RTS27	0.0000	69.0000	0.0000	69.0000
BJUTmydt-05	RTS28	0.0000	69.0000	0.0000	69.0000
BJUTmydt-05	RTS31	0.0000	79.0000	0.0000	79.0000
BJUTmydt-05	RTS32	0.1000	68.0000	1.0000	68.0000
BJUTmydt-05	RTS35	0.0000	89.0000	0.0000	89.0000
BJUTmydt-05	RTS36	0.0000	66.0000	0.0000	66.0000
BJUTmydt-05	RTS37	0.0000	67.0000	0.0000	67.0000
BJUTmydt-05	RTS43	0.0370	67.0000	1.0000	67.0000
BJUTmydt-05	MB226	0.5000	64.0000	1.0000	64.0000
BJUTmydt-05	MB229	0.0000	69.0000	0.0000	69.0000
BJUTmydt-05	MB230	0.0000	68.0000	0.0000	68.0000
BJUTmydt-05	MB239	0.0000	63.0000	0.0000	63.0000
BJUTmydt-05	MB254	0.0000	76.0000	0.0000	76.0000
BJUTmydt-05	MB256	0.0000	79.0000	0.0000	79.0000
BJUTmydt-05	MB258	0.0000	79.0000	0.0000	79.0000
BJUTmydt-05	MB265	0.0000	77.0000	0.0000	77.0000
BJUTmydt-05	MB267	0.0000	79.0000	0.0000	79.0000
BJUTmydt-05	MB276	0.0000	79.0000	0.0000	79.0000
BJUTmydt-05	MB286	0.0000	79.0000	0.0000	79.0000
BJUTmydt-05	MB319	0.1429	72.0000	1.0000	72.0000
BJUTmydt-05	MB320	0.0833	68.0000	1.0000	68.0000
BJUTmydt-05	MB332	0.0000	63.0000	0.0000	63.0000
BJUTmydt-05	MB351	0.0000	97.0000	0.0000	97.0000
BJUTmydt-05	MB358	0.0000	93.0000	0.0000	93.0000
BJUTmydt-05	MB361	0.0000	94.0000	0.0000	94.0000
BJUTmydt-05	MB362	0.0500	93.0000	1.0000	93.0000
BJUTmydt-05	MB363	0.0000	99.0000	0.0000	99.0000
BJUTmydt-05	MB365	0.0833	68.0000	1.0000	68.0000
BJUTmydt-05	MB371	0.0000	65.0000	0.0000	65.0000
BJUTmydt-05	MB377	0.0714	78.0000	1.0000	78.0000
BJUTmydt-05	MB381	0.0000	77.0000	0.0000	77.0000
BJUTmydt-05	MB382	0.0000	69.0000	0.0000	69.0000
BJUTmydt-05	MB391	0.0370	77.0000	1.0000	77.0000
BJUTmydt-05	MB392	0.1000	74.0000	1.0000	74.0000
BJUTmydt-05	MB409	0.0769	62.0000	1.0000	62.0000
BJUTmydt-05	MB410	0.0000	69.0000	0.0000	69.0000
BJUTmydt-05	MB414	0.0000	74.0000	0.0000	74.0000
BJUTmydt-05	MB420	0.0000	69.0000	0.0000	69.0000
BJUTmydt-05	MB425	0.0000	69.0000	0.0000	69.0000
BJUTmydt-05	MB431	0.0000	65.0000	0.0000	65.0000
BJUTmydt-05	MB436	0.0000	69.0000	0.0000	69.0000
BJUTmydt-05	MB438	0.0000	69.0000	0.0000	69.0000
BJUTmydt-05	MB440	0.0857	90.0000	3.0000	90.0000
BJUTmydt-05	AVG	0.0257	73.8727	0.2727	73.8727
BJUTmyrf-03	RTS1	0.2000	93.0000	3.0000	93.0000
BJUTmyrf-03	RTS2	0.0000	92.0000	0.0000	92.0000
BJUTmyrf-03	RTS4	0.1429	94.0000	2.0000	94.0000
BJUTmyrf-03	RTS5	0.5000	93.0000	3.0000	93.0000
BJUTmyrf-03	RTS6	0.0000	98.0000	0.0000	98.0000
BJUTmyrf-03	RTS10	0.2500	58.0000	16.0000	58.0000
BJUTmyrf-03	RTS13	0.2174	92.0000	5.0000	92.0000
BJUTmyrf-03	RTS14	0.0000	88.0000	0.0000	88.0000
BJUTmyrf-03	RTS19	0.0000	91.0000	0.0000	91.0000
BJUTmyrf-03	RTS21	0.2222	78.0000	2.0000	78.0000
BJUTmyrf-03	RTS24	0.0000	92.0000	0.0000	92.0000
BJUTmyrf-03	RTS25	0.1429	95.0000	3.0000	95.0000
BJUTmyrf-03	RTS27	0.0000	95.0000	0.0000	95.0000
BJUTmyrf-03	RTS28	0.0000	92.0000	0.0000	92.0000
BJUTmyrf-03	RTS31	0.0625	98.0000	1.0000	98.0000
BJUTmyrf-03	RTS32	0.1000	98.0000	1.0000	98.0000
BJUTmyrf-03	RTS35	0.1111	91.0000	1.0000	91.0000
BJUTmyrf-03	RTS36	0.0000	81.0000	0.0000	81.0000
BJUTmyrf-03	RTS37	0.0000	92.0000	0.0000	92.0000
BJUTmyrf-03	RTS43	0.0000	99.0000	0.0000	99.0000
BJUTmyrf-03	MB226	0.0000	90.0000	0.0000	90.0000
BJUTmyrf-03	MB229	0.2222	82.0000	8.0000	82.0000
BJUTmyrf-03	MB230	0.0000	91.0000	0.0000	91.0000
BJUTmyrf-03	MB239	0.0000	68.0000	0.0000	68.0000
BJUTmyrf-03	MB254	0.0000	92.0000	0.0000	92.0000
BJUTmyrf-03	MB256	0.0667	91.0000	1.0000	91.0000
BJUTmyrf-03	MB258	0.0000	94.0000	0.0000	94.0000
BJUTmyrf-03	MB265	0.0000	91.0000	0.0000	91.0000
BJUTmyrf-03	MB267	0.0328	88.0000	2.0000	88.0000
BJUTmyrf-03	MB276	0.0000	92.0000	0.0000	92.0000
BJUTmyrf-03	MB286	0.0000	93.0000	0.0000	93.0000
BJUTmyrf-03	MB319	0.1429	86.0000	1.0000	86.0000
BJUTmyrf-03	MB320	0.0000	76.0000	0.0000	76.0000
BJUTmyrf-03	MB332	0.0000	90.0000	0.0000	90.0000
BJUTmyrf-03	MB351	0.0000	96.0000	0.0000	96.0000
BJUTmyrf-03	MB358	0.0000	99.0000	0.0000	99.0000
BJUTmyrf-03	MB361	0.0000	93.0000	0.0000	93.0000
BJUTmyrf-03	MB362	0.1000	84.0000	2.0000	84.0000
BJUTmyrf-03	MB363	0.0323	98.0000	1.0000	98.0000
BJUTmyrf-03	MB365	0.0000	91.0000	0.0000	91.0000
BJUTmyrf-03	MB371	0.0714	84.0000	3.0000	84.0000
BJUTmyrf-03	MB377	0.0714	91.0000	1.0000	91.0000
BJUTmyrf-03	MB381	0.0000	92.0000	0.0000	92.0000
BJUTmyrf-03	MB382	0.0000	86.0000	0.0000	86.0000
BJUTmyrf-03	MB391	0.1111	87.0000	3.0000	87.0000
BJUTmyrf-03	MB392	0.1000	90.0000	1.0000	90.0000
BJUTmyrf-03	MB409	0.0000	86.0000	0.0000	86.0000
BJUTmyrf-03	MB410	0.0000	91.0000	0.0000	91.0000
BJUTmyrf-03	MB414	0.0435	90.0000	1.0000	90.0000
BJUTmyrf-03	MB420	0.0000	78.0000	0.0000	78.0000
BJUTmyrf-03	MB425	0.0000	52.0000	0.0000	52.0000
BJUTmyrf-03	MB431	0.0000	58.0000	0.0000	58.0000
BJUTmyrf-03	MB436	0.0000	80.0000	0.0000	80.0000
BJUTmyrf-03	MB438	0.0000	91.0000	0.0000	91.0000
BJUTmyrf-03	MB440	0.0286	98.0000	1.0000	98.0000
BJUTmyrf-03	AVG	0.0540	88.1636	1.1273	88.1636
CCNUNLPrun1-06	RTS1	0.0000	6.0000	0.0000	6.0000
CCNUNLPrun1-06	RTS2	0.0000	5.0000	0.0000	5.0000
CCNUNLPrun1-06	RTS4	0.0000	7.0000	0.0000	7.0000
CCNUNLPrun1-06	RTS5	0.0000	4.0000	0.0000	4.0000
CCNUNLPrun1-06	RTS6	0.0000	10.0000	0.0000	10.0000
CCNUNLPrun1-06	RTS10	0.0000	4.0000	0.0000	4.0000
CCNUNLPrun1-06	RTS13	0.0000	9.0000	0.0000	9.0000
CCNUNLPrun1-06	RTS14	0.0000	5.0000	0.0000	5.0000
CCNUNLPrun1-06	RTS19	0.0000	3.0000	0.0000	3.0000
CCNUNLPrun1-06	RTS21	0.0000	5.0000	0.0000	5.0000
CCNUNLPrun1-06	RTS24	0.0000	5.0000	0.0000	5.0000
CCNUNLPrun1-06	RTS25	0.0000	6.0000	0.0000	6.0000
CCNUNLPrun1-06	RTS27	0.0000	3.0000	0.0000	3.0000
CCNUNLPrun1-06	RTS28	0.0000	7.0000	0.0000	7.0000
CCNUNLPrun1-06	RTS31	0.0000	7.0000	0.0000	7.0000
CCNUNLPrun1-06	RTS32	0.0000	3.0000	0.0000	3.0000
CCNUNLPrun1-06	RTS35	0.0000	5.0000	0.0000	5.0000
CCNUNLPrun1-06	RTS36	0.0000	7.0000	0.0000	7.0000
CCNUNLPrun1-06	RTS37	0.0000	8.0000	0.0000	8.0000
CCNUNLPrun1-06	RTS43	0.0000	4.0000	0.0000	4.0000
CCNUNLPrun1-06	MB226	0.0000	3.0000	0.0000	3.0000
CCNUNLPrun1-06	MB229	0.0000	5.0000	0.0000	5.0000
CCNUNLPrun1-06	MB230	0.0000	6.0000	0.0000	6.0000
CCNUNLPrun1-06	MB239	0.0000	4.0000	0.0000	4.0000
CCNUNLPrun1-06	MB254	0.0000	7.0000	0.0000	7.0000
CCNUNLPrun1-06	MB256	0.0000	4.0000	0.0000	4.0000
CCNUNLPrun1-06	MB258	0.0000	6.0000	0.0000	6.0000
CCNUNLPrun1-06	MB265	0.0000	4.0000	0.0000	4.0000
CCNUNLPrun1-06	MB267	0.0000	2.0000	0.0000	2.0000
CCNUNLPrun1-06	MB276	0.0000	4.0000	0.0000	4.0000
CCNUNLPrun1-06	MB286	0.0000	8.0000	0.0000	8.0000
CCNUNLPrun1-06	MB319	0.0000	6.0000	0.0000	6.0000
CCNUNLPrun1-06	MB320	0.0000	6.0000	0.0000	6.0000
CCNUNLPrun1-06	MB332	0.0000	7.0000	0.0000	7.0000
CCNUNLPrun1-06	MB351	0.0000	4.0000	0.0000	4.0000
CCNUNLPrun1-06	MB358	0.0000	5.0000	0.0000	5.0000
CCNUNLPrun1-06	MB361	0.0000	5.0000	0.0000	5.0000
CCNUNLPrun1-06	MB362	0.0000	3.0000	0.0000	3.0000
CCNUNLPrun1-06	MB363	0.0000	4.0000	0.0000	4.0000
CCNUNLPrun1-06	MB365	0.0000	8.0000	0.0000	8.0000
CCNUNLPrun1-06	MB371	0.0000	5.0000	0.0000	5.0000
CCNUNLPrun1-06	MB377	0.0000	7.0000	0.0000	7.0000
CCNUNLPrun1-06	MB381	0.0000	4.0000	0.0000	4.0000
CCNUNLPrun1-06	MB382	0.0000	6.0000	0.0000	6.0000
CCNUNLPrun1-06	MB391	0.0000	8.0000	0.0000	8.0000
CCNUNLPrun1-06	MB392	0.0000	5.0000	0.0000	5.0000
CCNUNLPrun1-06	MB409	0.0000	2.0000	0.0000	2.0000
CCNUNLPrun1-06	MB410	0.0000	8.0000	0.0000	8.0000
CCNUNLPrun1-06	MB414	0.0000	4.0000	0.0000	4.0000
CCNUNLPrun1-06	MB420	0.0000	8.0000	0.0000	8.0000
CCNUNLPrun1-06	MB425	0.0000	4.0000	0.0000	4.0000
CCNUNLPrun1-06	MB431	0.0000	4.0000	0.0000	4.0000
CCNUNLPrun1-06	MB436	0.1250	4.0000	1.0000	4.0000
CCNUNLPrun1-06	MB438	0.0000	5.0000	0.0000	5.0000
CCNUNLPrun1-06	MB440	0.0000	6.0000	0.0000	6.0000
CCNUNLPrun1-06	AVG	0.0023	5.3455	0.0182	5.3455
CCNUNLPrun2-07	RTS1	0.0000	6.0000	0.0000	6.0000
CCNUNLPrun2-07	RTS2	0.0000	6.0000	0.0000	6.0000
CCNUNLPrun2-07	RTS4	0.0000	5.0000	0.0000	5.0000
CCNUNLPrun2-07	RTS5	0.0000	5.0000	0.0000	5.0000
CCNUNLPrun2-07	RTS6	0.0000	8.0000	0.0000	8.0000
CCNUNLPrun2-07	RTS10	0.0000	5.0000	0.0000	5.0000
CCNUNLPrun2-07	RTS13	0.0000	9.0000	0.0000	9.0000
CCNUNLPrun2-07	RTS14	0.0000	7.0000	0.0000	7.0000
CCNUNLPrun2-07	RTS19	0.0000	5.0000	0.0000	5.0000
CCNUNLPrun2-07	RTS21	0.0000	6.0000	0.0000	6.0000
CCNUNLPrun2-07	RTS24	0.0000	4.0000	0.0000	4.0000
CCNUNLPrun2-07	RTS25	0.0000	5.0000	0.0000	5.0000
CCNUNLPrun2-07	RTS27	0.0000	8.0000	0.0000	8.0000
CCNUNLPrun2-07	RTS28	0.0000	7.0000	0.0000	7.0000
CCNUNLPrun2-07	RTS31	0.0000	4.0000	0.0000	4.0000
CCNUNLPrun2-07	RTS32	0.0000	6.0000	0.0000	6.0000
CCNUNLPrun2-07	RTS35	0.0000	8.0000	0.0000	8.0000
CCNUNLPrun2-07	RTS36	0.0000	4.0000	0.0000	4.0000
CCNUNLPrun2-07	RTS37	0.0000	7.0000	0.0000	7.0000
CCNUNLPrun2-07	RTS43	0.0000	6.0000	0.0000	6.0000
CCNUNLPrun2-07	MB226	0.0000	6.0000	0.0000	6.0000
CCNUNLPrun2-07	MB229	0.0000	5.0000	0.0000	5.0000
CCNUNLPrun2-07	MB230	0.0000	4.0000	0.0000	4.0000
CCNUNLPrun2-07	MB239	0.0000	6.0000	0.0000	6.0000
CCNUNLPrun2-07	MB254	0.0000	5.0000	0.0000	5.0000
CCNUNLPrun2-07	MB256	0.0000	6.0000	0.0000	6.0000
CCNUNLPrun2-07	MB258	0.0000	5.0000	0.0000	5.0000
CCNUNLPrun2-07	MB265	0.0000	9.0000	0.0000	9.0000
CCNUNLPrun2-07	MB267	0.0000	5.0000	0.0000	5.0000
CCNUNLPrun2-07	MB276	0.0000	5.0000	0.0000	5.0000
CCNUNLPrun2-07	MB286	0.0000	5.0000	0.0000	5.0000
CCNUNLPrun2-07	MB319	0.0000	5.0000	0.0000	5.0000
CCNUNLPrun2-07	MB320	0.0000	6.0000	0.0000	6.0000
CCNUNLPrun2-07	MB332	0.0000	5.0000	0.0000	5.0000
CCNUNLPrun2-07	MB351	0.0000	6.0000	0.0000	6.0000
CCNUNLPrun2-07	MB358	0.0000	4.0000	0.0000	4.0000
CCNUNLPrun2-07	MB361	0.0000	7.0000	0.0000	7.0000
CCNUNLPrun2-07	MB362	0.0000	4.0000	0.0000	4.0000
CCNUNLPrun2-07	MB363	0.0000	9.0000	0.0000	9.0000
CCNUNLPrun2-07	MB365	0.0000	7.0000	0.0000	7.0000
CCNUNLPrun2-07	MB371	0.0000	8.0000	0.0000	8.0000
CCNUNLPrun2-07	MB377	0.0000	4.0000	0.0000	4.0000
CCNUNLPrun2-07	MB381	0.0000	8.0000	0.0000	8.0000
CCNUNLPrun2-07	MB382	0.0000	4.0000	0.0000	4.0000
CCNUNLPrun2-07	MB391	0.0000	6.0000	0.0000	6.0000
CCNUNLPrun2-07	MB392	0.0000	4.0000	0.0000	4.0000
CCNUNLPrun2-07	MB409	0.0000	5.0000	0.0000	5.0000
CCNUNLPrun2-07	MB410	0.0000	5.0000	0.0000	5.0000
CCNUNLPrun2-07	MB414	0.0000	7.0000	0.0000	7.0000
CCNUNLPrun2-07	MB420	0.0000	6.0000	0.0000	6.0000
CCNUNLPrun2-07	MB425	0.0000	6.0000	0.0000	6.0000
CCNUNLPrun2-07	MB431	0.0000	9.0000	0.0000	9.0000
CCNUNLPrun2-07	MB436	0.0000	6.0000	0.0000	6.0000
CCNUNLPrun2-07	MB438	0.0000	8.0000	0.0000	8.0000
CCNUNLPrun2-07	MB440	0.0000	8.0000	0.0000	8.0000
CCNUNLPrun2-07	AVG	0.0000	5.9818	0.0000	5.9818
CLIP-A-1-08	RTS1	0.2667	0.0000	4.0000	0.0000
CLIP-A-1-08	RTS5	0.0000	4.0000	0.0000	4.0000
CLIP-A-1-08	RTS10	0.0938	0.0000	6.0000	0.0000
CLIP-A-1-08	RTS19	0.0000	54.0000	0.0000	54.0000
CLIP-A-1-08	RTS21	0.1111	0.0000	1.0000	0.0000
CLIP-A-1-08	RTS25	0.0000	0.0000	0.0000	0.0000
CLIP-A-1-08	RTS28	0.0000	1.0000	0.0000	1.0000
CLIP-A-1-08	RTS31	0.0625	35.0000	1.0000	35.0000
CLIP-A-1-08	RTS37	0.0000	17.0000	0.0000	17.0000
CLIP-A-1-08	MB229	0.0833	4.0000	3.0000	4.0000
CLIP-A-1-08	MB254	0.0000	5.0000	0.0000	5.0000
CLIP-A-1-08	MB362	0.0500	0.0000	1.0000	0.0000
CLIP-A-1-08	MB371	0.1429	0.0000	6.0000	0.0000
CLIP-A-1-08	MB381	0.1429	1.0000	1.0000	1.0000
CLIP-A-1-08	AVG	0.0173	2.2000	0.4182	2.2000
CLIP-A-2-09	RTS1	0.4667	1.0000	7.0000	1.0000
CLIP-A-2-09	RTS5	0.3333	24.0000	2.0000	24.0000
CLIP-A-2-09	RTS6	0.0000	0.0000	0.0000	0.0000
CLIP-A-2-09	RTS10	0.2656	0.0000	17.0000	0.0000
CLIP-A-2-09	RTS19	0.0000	49.0000	0.0000	49.0000
CLIP-A-2-09	RTS21	0.1111	1.0000	1.0000	1.0000
CLIP-A-2-09	RTS25	0.0952	6.0000	2.0000	6.0000
CLIP-A-2-09	RTS28	0.0000	2.0000	0.0000	2.0000
CLIP-A-2-09	RTS31	0.0625	34.0000	1.0000	34.0000
CLIP-A-2-09	RTS35	0.0000	0.0000	0.0000	0.0000
CLIP-A-2-09	RTS36	0.0000	3.0000	0.0000	3.0000
CLIP-A-2-09	RTS37	0.0476	52.0000	1.0000	52.0000
CLIP-A-2-09	MB229	0.2500	13.0000	9.0000	13.0000
CLIP-A-2-09	MB254	0.0000	8.0000	0.0000	8.0000
CLIP-A-2-09	MB258	0.0000	1.0000	0.0000	1.0000
CLIP-A-2-09	MB319	0.0000	1.0000	0.0000	1.0000
CLIP-A-2-09	MB320	0.0000	1.0000	0.0000	1.0000
CLIP-A-2-09	MB351	0.1429	0.0000	1.0000	0.0000
CLIP-A-2-09	MB361	0.5000	1.0000	2.0000	1.0000
CLIP-A-2-09	MB362	0.3000	3.0000	6.0000	3.0000
CLIP-A-2-09	MB363	0.0323	3.0000	1.0000	3.0000
CLIP-A-2-09	MB371	0.4762	13.0000	20.0000	13.0000
CLIP-A-2-09	MB381	0.5714	54.0000	4.0000	54.0000
CLIP-A-2-09	MB392	0.0000	0.0000	0.0000	0.0000
CLIP-A-2-09	MB440	0.0286	0.0000	1.0000	0.0000
CLIP-A-2-09	AVG	0.0670	4.9091	1.3636	4.9091
CLIP-A-3-10	RTS1	0.4667	2.0000	7.0000	2.0000
CLIP-A-3-10	RTS5	0.5000	34.0000	3.0000	34.0000
CLIP-A-3-10	RTS6	0.0000	0.0000	0.0000	0.0000
CLIP-A-3-10	RTS10	0.2031	0.0000	13.0000	0.0000
CLIP-A-3-10	RTS19	0.0000	49.0000	0.0000	49.0000
CLIP-A-3-10	RTS21	0.1111	3.0000	1.0000	3.0000
CLIP-A-3-10	RTS25	0.0952	10.0000	2.0000	10.0000
CLIP-A-3-10	RTS28	0.0000	2.0000	0.0000	2.0000
CLIP-A-3-10	RTS31	0.0625	35.0000	1.0000	35.0000
CLIP-A-3-10	RTS35	0.0000	1.0000	0.0000	1.0000
CLIP-A-3-10	RTS36	0.2500	4.0000	1.0000	4.0000
CLIP-A-3-10	RTS37	0.0476	52.0000	1.0000	52.0000
CLIP-A-3-10	MB229	0.2778	20.0000	10.0000	20.0000
CLIP-A-3-10	MB239	0.0000	1.0000	0.0000	1.0000
CLIP-A-3-10	MB254	0.0000	9.0000	0.0000	9.0000
CLIP-A-3-10	MB258	0.1250	2.0000	1.0000	2.0000
CLIP-A-3-10	MB319	0.0000	3.0000	0.0000	3.0000
CLIP-A-3-10	MB320	0.0000	1.0000	0.0000	1.0000
CLIP-A-3-10	MB351	0.1429	1.0000	1.0000	1.0000
CLIP-A-3-10	MB361	0.7500	2.0000	3.0000	2.0000
CLIP-A-3-10	MB362	0.3000	2.0000	6.0000	2.0000
CLIP-A-3-10	MB363	0.0645	5.0000	2.0000	5.0000
CLIP-A-3-10	MB371	0.4762	20.0000	20.0000	20.0000
CLIP-A-3-10	MB381	0.5714	65.0000	4.0000	65.0000
CLIP-A-3-10	MB392	0.1000	0.0000	1.0000	0.0000
CLIP-A-3-10	MB431	0.0000	0.0000	0.0000	0.0000
CLIP-A-3-10	MB440	0.0286	0.0000	1.0000	0.0000
CLIP-A-3-10	AVG	0.0831	5.8727	1.4182	5.8727
Hamid-20	RTS1	0.5333	7.0000	8.0000	7.0000
Hamid-20	RTS2	0.3333	16.0000	1.0000	16.0000
Hamid-20	RTS4	0.2143	10.0000	3.0000	10.0000
Hamid-20	RTS5	0.1667	91.0000	1.0000	91.0000
Hamid-20	RTS6	0.1875	96.0000	3.0000	96.0000
Hamid-20	RTS10	0.5156	27.0000	33.0000	27.0000
Hamid-20	RTS13	0.4348	87.0000	10.0000	87.0000
Hamid-20	RTS14	0.0000	22.0000	0.0000	22.0000
Hamid-20	RTS19	0.0000	89.0000	0.0000	89.0000
Hamid-20	RTS21	0.2222	22.0000	2.0000	22.0000
Hamid-20	RTS24	0.4286	84.0000	3.0000	84.0000
Hamid-20	RTS25	0.0476	98.0000	1.0000	98.0000
Hamid-20	RTS27	0.3077	93.0000	4.0000	93.0000
Hamid-20	RTS28	1.0000	48.0000	3.0000	48.0000
Hamid-20	RTS31	0.3125	94.0000	5.0000	94.0000
Hamid-20	RTS32	0.6000	91.0000	6.0000	91.0000
Hamid-20	RTS35	0.1111	17.0000	1.0000	17.0000
Hamid-20	RTS36	0.2500	16.0000	1.0000	16.0000
Hamid-20	RTS37	0.3810	81.0000	8.0000	81.0000
Hamid-20	RTS43	0.0370	1.0000	1.0000	1.0000
Hamid-20	MB226	0.0000	2.0000	0.0000	2.0000
Hamid-20	MB229	0.4722	78.0000	17.0000	78.0000
Hamid-20	MB230	0.0000	98.0000	0.0000	98.0000
Hamid-20	MB239	0.0000	99.0000	0.0000	99.0000
Hamid-20	MB254	0.5000	95.0000	1.0000	95.0000
Hamid-20	MB256	0.0000	90.0000	0.0000	90.0000
Hamid-20	MB258	0.7500	55.0000	6.0000	55.0000
Hamid-20	MB265	0.0000	1.0000	0.0000	1.0000
Hamid-20	MB267	0.0492	25.0000	3.0000	25.0000
Hamid-20	MB276	0.0000	7.0000	0.0000	7.0000
Hamid-20	MB286	0.0000	5.0000	0.0000	5.0000
Hamid-20	MB319	0.8571	26.0000	6.0000	26.0000
Hamid-20	MB320	0.0833	39.0000	1.0000	39.0000
Hamid-20	MB332	0.6667	24.0000	4.0000	24.0000
Hamid-20	MB351	0.1429	98.0000	1.0000	98.0000
Hamid-20	MB358	0.1429	57.0000	1.0000	57.0000
Hamid-20	MB361	0.5000	92.0000	2.0000	92.0000
Hamid-20	MB362	0.3500	5.0000	7.0000	5.0000
Hamid-20	MB363	0.0968	89.0000	3.0000	89.0000
Hamid-20	MB365	0.0000	38.0000	0.0000	38.0000
Hamid-20	MB371	0.1429	90.0000	6.0000	90.0000
Hamid-20	MB377	0.1429	3.0000	2.0000	3.0000
Hamid-20	MB381	0.2857	97.0000	2.0000	97.0000
Hamid-20	MB382	0.1250	31.0000	1.0000	31.0000
Hamid-20	MB391	0.0741	2.0000	2.0000	2.0000
Hamid-20	MB392	0.1000	97.0000	1.0000	97.0000
Hamid-20	MB409	0.0000	16.0000	0.0000	16.0000
Hamid-20	MB414	0.3043	46.0000	7.0000	46.0000
Hamid-20	MB420	0.1667	95.0000	3.0000	95.0000
Hamid-20	MB425	0.0000	0.0000	0.0000	0.0000
Hamid-20	MB431	0.3333	8.0000	2.0000	8.0000
Hamid-20	MB436	0.6250	58.0000	5.0000	58.0000
Hamid-20	MB438	0.0000	0.0000	0.0000	0.0000
Hamid-20	MB440	0.4000	58.0000	14.0000	58.0000
Hamid-20	AVG	0.2435	49.3455	3.4727	49.3455
HLJIT_LM-19	RTS1	0.1333	0.0000	2.0000	0.0000
HLJIT_LM-19	RTS2	0.3333	37.0000	1.0000	37.0000
HLJIT_LM-19	RTS4	0.0000	16.0000	0.0000	16.0000
HLJIT_LM-19	RTS5	0.0000	15.0000	0.0000	15.0000
HLJIT_LM-19	RTS6	0.0000	23.0000	0.0000	23.0000
HLJIT_LM-19	RTS10	0.0625	0.0000	4.0000	0.0000
HLJIT_LM-19	RTS13	0.0000	6.0000	0.0000	6.0000
HLJIT_LM-19	RTS14	0.0000	0.0000	0.0000	0.0000
HLJIT_LM-19	RTS19	0.0000	18.0000	0.0000	18.0000
HLJIT_LM-19	RTS21	0.1111	0.0000	1.0000	0.0000
HLJIT_LM-19	RTS24	0.0000	5.0000	0.0000	5.0000
HLJIT_LM-19	RTS25	0.0476	29.0000	1.0000	29.0000
HLJIT_LM-19	RTS27	0.1538	12.0000	2.0000	12.0000
HLJIT_LM-19	RTS28	0.3333	2.0000	1.0000	2.0000
HLJIT_LM-19	RTS31	0.0000	6.0000	0.0000	6.0000
HLJIT_LM-19	RTS32	0.2000	6.0000	2.0000	6.0000
HLJIT_LM-19	RTS35	0.0000	2.0000	0.0000	2.0000
HLJIT_LM-19	RTS36	0.0000	1.0000	0.0000	1.0000
HLJIT_LM-19	RTS43	0.1481	5.0000	4.0000	5.0000
HLJIT_LM-19	MB226	0.0000	5.0000	0.0000	5.0000
HLJIT_LM-19	MB229	0.0000	0.0000	0.0000	0.0000
HLJIT_LM-19	MB230	0.0000	8.0000	0.0000	8.0000
HLJIT_LM-19	MB239	0.0000	2.0000	0.0000	2.0000
HLJIT_LM-19	MB254	0.0000	0.0000	0.0000	0.0000
HLJIT_LM-19	MB258	0.0000	1.0000	0.0000	1.0000
HLJIT_LM-19	MB265	0.2500	16.0000	1.0000	16.0000
HLJIT_LM-19	MB286	0.0000	6.0000	0.0000	6.0000
HLJIT_LM-19	MB319	0.0000	10.0000	0.0000	10.0000
HLJIT_LM-19	MB320	0.0833	11.0000	1.0000	11.0000
HLJIT_LM-19	MB351	0.0000	0.0000	0.0000	0.0000
HLJIT_LM-19	MB358	0.0000	2.0000	0.0000	2.0000
HLJIT_LM-19	MB361	0.0000	0.0000	0.0000	0.0000
HLJIT_LM-19	MB362	0.0000	0.0000	0.0000	0.0000
HLJIT_LM-19	MB371	0.0000	0.0000	0.0000	0.0000
HLJIT_LM-19	MB377	0.0000	6.0000	0.0000	6.0000
HLJIT_LM-19	MB392	0.0000	1.0000	0.0000	1.0000
HLJIT_LM-19	MB409	0.0000	2.0000	0.0000	2.0000
HLJIT_LM-19	MB410	0.0000	7.0000	0.0000	7.0000
HLJIT_LM-19	MB414	0.0000	6.0000	0.0000	6.0000
HLJIT_LM-19	MB420	0.0000	22.0000	0.0000	22.0000
HLJIT_LM-19	MB425	0.0000	3.0000	0.0000	3.0000
HLJIT_LM-19	MB431	0.0000	8.0000	0.0000	8.0000
HLJIT_LM-19	MB436	0.0000	2.0000	0.0000	2.0000
HLJIT_LM-19	AVG	0.0338	5.4727	0.3636	5.4727
IritIrisSDA-22	RTS4	0.0000	97.0000	0.0000	97.0000
IritIrisSDA-22	RTS5	0.1667	80.0000	1.0000	80.0000
IritIrisSDA-22	RTS6	0.0625	97.0000	1.0000	97.0000
IritIrisSDA-22	RTS10	0.2344	0.0000	15.0000	0.0000
IritIrisSDA-22	RTS13	0.2174	72.0000	5.0000	72.0000
IritIrisSDA-22	RTS21	0.1111	5.0000	1.0000	5.0000
IritIrisSDA-22	RTS24	0.2857	3.0000	2.0000	3.0000
IritIrisSDA-22	RTS25	0.0952	13.0000	2.0000	13.0000
IritIrisSDA-22	RTS27	0.1538	92.0000	2.0000	92.0000
IritIrisSDA-22	RTS28	0.6667	1.0000	2.0000	1.0000
IritIrisSDA-22	RTS31	0.2500	94.0000	4.0000	94.0000
IritIrisSDA-22	RTS32	0.0000	0.0000	0.0000	0.0000
IritIrisSDA-22	RTS35	0.0000	13.0000	0.0000	13.0000
IritIrisSDA-22	RTS36	0.0000	4.0000	0.0000	4.0000
IritIrisSDA-22	RTS43	0.2593	59.0000	7.0000	59.0000
IritIrisSDA-22	MB229	0.0556	2.0000	2.0000	2.0000
IritIrisSDA-22	MB230	0.0000	42.0000	0.0000	42.0000
IritIrisSDA-22	MB239	0.0000	23.0000	0.0000	23.0000
IritIrisSDA-22	MB258	0.2500	47.0000	2.0000	47.0000
IritIrisSDA-22	MB265	0.2500	80.0000	1.0000	80.0000
IritIrisSDA-22	MB319	0.0000	3.0000	0.0000	3.0000
IritIrisSDA-22	MB332	0.0000	2.0000	0.0000	2.0000
IritIrisSDA-22	MB358	0.0000	11.0000	0.0000	11.0000
IritIrisSDA-22	MB361	0.5000	4.0000	2.0000	4.0000
IritIrisSDA-22	MB363	0.1290	94.0000	4.0000	94.0000
IritIrisSDA-22	MB371	0.5952	26.0000	25.0000	26.0000
IritIrisSDA-22	MB382	0.0000	2.0000	0.0000	2.0000
IritIrisSDA-22	MB392	0.1000	12.0000	1.0000	12.0000
IritIrisSDA-22	MB409	0.3846	7.0000	5.0000	7.0000
IritIrisSDA-22	MB414	0.0000	0.0000	0.0000	0.0000
IritIrisSDA-22	MB431	0.1667	0.0000	1.0000	0.0000
IritIrisSDA-22	MB436	0.0000	6.0000	0.0000	6.0000
IritIrisSDA-22	MB440	0.0286	1.0000	1.0000	1.0000
IritIrisSDA-22	AVG	0.0902	18.0364	1.5636	18.0364
iritRunBiAm-21	RTS1	0.2667	1.0000	4.0000	1.0000
iritRunBiAm-21	RTS4	0.3571	31.0000	5.0000	31.0000
iritRunBiAm-21	RTS5	0.1667	13.0000	1.0000	13.0000
iritRunBiAm-21	RTS10	0.2188	2.0000	14.0000	2.0000
iritRunBiAm-21	RTS13	0.3478	21.0000	8.0000	21.0000
iritRunBiAm-21	RTS19	0.0000	99.0000	0.0000	99.0000
iritRunBiAm-21	RTS21	0.1111	5.0000	1.0000	5.0000
iritRunBiAm-21	RTS25	0.2381	25.0000	5.0000	25.0000
iritRunBiAm-21	RTS28	0.0000	2.0000	0.0000	2.0000
iritRunBiAm-21	RTS31	0.2500	95.0000	4.0000	95.0000
iritRunBiAm-21	RTS35	0.0000	0.0000	0.0000	0.0000
iritRunBiAm-21	RTS36	0.2500	1.0000	1.0000	1.0000
iritRunBiAm-21	RTS37	0.0000	70.0000	0.0000	70.0000
iritRunBiAm-21	RTS43	0.2593	81.0000	7.0000	81.0000
iritRunBiAm-21	MB229	0.0556	2.0000	2.0000	2.0000
iritRunBiAm-21	MB254	0.0000	0.0000	0.0000	0.0000
iritRunBiAm-21	MB258	0.3750	6.0000	3.0000	6.0000
iritRunBiAm-21	MB286	0.0000	1.0000	0.0000	1.0000
iritRunBiAm-21	MB319	0.0000	0.0000	0.0000	0.0000
iritRunBiAm-21	MB361	0.0000	0.0000	0.0000	0.0000
iritRunBiAm-21	MB362	0.3500	3.0000	7.0000	3.0000
iritRunBiAm-21	MB363	0.0000	4.0000	0.0000	4.0000
iritRunBiAm-21	MB371	0.4048	17.0000	17.0000	17.0000
iritRunBiAm-21	MB377	0.0000	0.0000	0.0000	0.0000
iritRunBiAm-21	MB381	0.1429	1.0000	1.0000	1.0000
iritRunBiAm-21	MB431	0.0000	0.0000	0.0000	0.0000
iritRunBiAm-21	MB440	0.0000	10.0000	0.0000	10.0000
iritRunBiAm-21	AVG	0.0690	8.9091	1.4545	8.9091
MyBaseline-17	RTS1	0.2667	0.0000	4.0000	0.0000
MyBaseline-17	RTS2	0.0000	7.0000	0.0000	7.0000
MyBaseline-17	RTS5	0.0000	20.0000	0.0000	20.0000
MyBaseline-17	RTS6	0.1250	20.0000	2.0000	20.0000
MyBaseline-17	RTS10	0.0938	3.0000	6.0000	3.0000
MyBaseline-17	RTS13	0.0000	0.0000	0.0000	0.0000
MyBaseline-17	RTS14	0.3333	0.0000	1.0000	0.0000
MyBaseline-17	RTS19	0.0000	12.0000	0.0000	12.0000
MyBaseline-17	RTS24	0.0000	19.0000	0.0000	19.0000
MyBaseline-17	RTS25	0.0000	12.0000	0.0000	12.0000
MyBaseline-17	RTS27	0.0769	9.0000	1.0000	9.0000
MyBaseline-17	RTS28	0.0000	0.0000	0.0000	0.0000
MyBaseline-17	RTS31	0.0000	3.0000	0.0000	3.0000
MyBaseline-17	RTS35	0.1111	19.0000	1.0000	19.0000
MyBaseline-17	RTS36	0.0000	23.0000	0.0000	23.0000
MyBaseline-17	RTS43	0.0000	6.0000	0.0000	6.0000
MyBaseline-17	MB226	0.0000	9.0000	0.0000	9.0000
MyBaseline-17	MB229	0.0000	1.0000	0.0000	1.0000
MyBaseline-17	MB230	0.0000	21.0000	0.0000	21.0000
MyBaseline-17	MB239	0.0000	6.0000	0.0000	6.0000
MyBaseline-17	MB254	0.0000	0.0000	0.0000	0.0000
MyBaseline-17	MB258	0.1250	13.0000	1.0000	13.0000
MyBaseline-17	MB265	0.0000	4.0000	0.0000	4.0000
MyBaseline-17	MB267	0.0328	6.0000	2.0000	6.0000
MyBaseline-17	MB276	0.1429	2.0000	1.0000	2.0000
MyBaseline-17	MB286	0.0000	0.0000	0.0000	0.0000
MyBaseline-17	MB319	0.0000	21.0000	0.0000	21.0000
MyBaseline-17	MB320	0.0833	18.0000	1.0000	18.0000
MyBaseline-17	MB332	0.0000	0.0000	0.0000	0.0000
MyBaseline-17	MB358	0.0000	24.0000	0.0000	24.0000
MyBaseline-17	MB361	0.2500	12.0000	1.0000	12.0000
MyBaseline-17	MB362	0.1500	0.0000	3.0000	0.0000
MyBaseline-17	MB365	0.0000	10.0000	0.0000	10.0000
MyBaseline-17	MB371	0.0238	19.0000	1.0000	19.0000
MyBaseline-17	MB377	0.0714	19.0000	1.0000	19.0000
MyBaseline-17	MB391	0.0000	0.0000	0.0000	0.0000
MyBaseline-17	MB409	0.1538	21.0000	2.0000	21.0000
MyBaseline-17	MB410	0.0000	23.0000	0.0000	23.0000
MyBaseline-17	MB414	0.0435	12.0000	1.0000	12.0000
MyBaseline-17	MB420	0.0000	2.0000	0.0000	2.0000
MyBaseline-17	MB425	0.0000	6.0000	0.0000	6.0000
MyBaseline-17	MB431	0.0000	0.0000	0.0000	0.0000
MyBaseline-17	MB436	0.1250	21.0000	1.0000	21.0000
MyBaseline-17	AVG	0.0402	7.6909	0.5455	7.6909
MyBaseline-18	RTS1	0.3333	1.0000	5.0000	1.0000
MyBaseline-18	RTS2	0.0000	17.0000	0.0000	17.0000
MyBaseline-18	RTS5	0.0000	20.0000	0.0000	20.0000
MyBaseline-18	RTS6	0.1875	15.0000	3.0000	15.0000
MyBaseline-18	RTS10	0.1094	2.0000	7.0000	2.0000
MyBaseline-18	RTS13	0.0435	1.0000	1.0000	1.0000
MyBaseline-18	RTS14	0.3333	3.0000	1.0000	3.0000
MyBaseline-18	RTS19	0.0000	12.0000	0.0000	12.0000
MyBaseline-18	RTS24	0.1429	14.0000	1.0000	14.0000
MyBaseline-18	RTS25	0.0476	11.0000	1.0000	11.0000
MyBaseline-18	RTS27	0.0769	17.0000	1.0000	17.0000
MyBaseline-18	RTS28	0.3333	0.0000	1.0000	0.0000
MyBaseline-18	RTS31	0.0625	2.0000	1.0000	2.0000
MyBaseline-18	RTS35	0.0000	16.0000	0.0000	16.0000
MyBaseline-18	RTS36	0.2500	15.0000	1.0000	15.0000
MyBaseline-18	RTS43	0.0741	12.0000	2.0000	12.0000
MyBaseline-18	MB226	0.0000	25.0000	0.0000	25.0000
MyBaseline-18	MB229	0.0556	0.0000	2.0000	0.0000
MyBaseline-18	MB230	0.0000	19.0000	0.0000	19.0000
MyBaseline-18	MB239	0.0000	15.0000	0.0000	15.0000
MyBaseline-18	MB254	0.0000	0.0000	0.0000	0.0000
MyBaseline-18	MB258	0.3750	11.0000	3.0000	11.0000
MyBaseline-18	MB265	0.2500	10.0000	1.0000	10.0000
MyBaseline-18	MB267	0.0328	9.0000	2.0000	9.0000
MyBaseline-18	MB276	0.2857	3.0000	2.0000	3.0000
MyBaseline-18	MB286	0.0000	0.0000	0.0000	0.0000
MyBaseline-18	MB319	0.0000	18.0000	0.0000	18.0000
MyBaseline-18	MB320	0.0833	13.0000	1.0000	13.0000
MyBaseline-18	MB332	0.0000	0.0000	0.0000	0.0000
MyBaseline-18	MB358	0.0000	15.0000	0.0000	15.0000
MyBaseline-18	MB361	0.2500	12.0000	1.0000	12.0000
MyBaseline-18	MB362	0.1000	1.0000	2.0000	1.0000
MyBaseline-18	MB365	0.0833	11.0000	1.0000	11.0000
MyBaseline-18	MB371	0.0952	14.0000	4.0000	14.0000
MyBaseline-18	MB377	0.1429	14.0000	2.0000	14.0000
MyBaseline-18	MB391	0.0370	0.0000	1.0000	0.0000
MyBaseline-18	MB409	0.2308	12.0000	3.0000	12.0000
MyBaseline-18	MB410	0.0000	20.0000	0.0000	20.0000
MyBaseline-18	MB414	0.0870	15.0000	2.0000	15.0000
MyBaseline-18	MB420	0.1667	5.0000	3.0000	5.0000
MyBaseline-18	MB425	0.0000	9.0000	0.0000	9.0000
MyBaseline-18	MB431	0.0000	0.0000	0.0000	0.0000
MyBaseline-18	MB436	0.3750	9.0000	3.0000	9.0000
MyBaseline-18	AVG	0.0844	7.6000	1.0545	7.6000
MyBaseline-24	RTS1	0.1333	3.0000	2.0000	3.0000
MyBaseline-24	RTS2	0.3333	98.0000	1.0000	98.0000
MyBaseline-24	RTS4	0.0000	9.0000	0.0000	9.0000
MyBaseline-24	RTS5	0.5000	26.0000	3.0000	26.0000
MyBaseline-24	RTS6	0.1250	25.0000	2.0000	25.0000
MyBaseline-24	RTS10	0.3750	8.0000	24.0000	8.0000
MyBaseline-24	RTS13	0.0870	1.0000	2.0000	1.0000
MyBaseline-24	RTS19	0.0000	99.0000	0.0000	99.0000
MyBaseline-24	RTS21	0.2222	5.0000	2.0000	5.0000
MyBaseline-24	RTS24	0.2857	3.0000	2.0000	3.0000
MyBaseline-24	RTS25	0.0952	5.0000	2.0000	5.0000
MyBaseline-24	RTS27	0.0769	41.0000	1.0000	41.0000
MyBaseline-24	RTS28	0.0000	0.0000	0.0000	0.0000
MyBaseline-24	RTS31	0.0000	81.0000	0.0000	81.0000
MyBaseline-24	RTS32	0.0000	47.0000	0.0000	47.0000
MyBaseline-24	RTS35	0.0000	0.0000	0.0000	0.0000
MyBaseline-24	RTS36	0.0000	2.0000	0.0000	2.0000
MyBaseline-24	RTS37	0.0476	7.0000	1.0000	7.0000
MyBaseline-24	RTS43	0.2222	31.0000	6.0000	31.0000
MyBaseline-24	MB229	0.4722	39.0000	17.0000	39.0000
MyBaseline-24	MB230	0.0000	21.0000	0.0000	21.0000
MyBaseline-24	MB239	0.5000	16.0000	2.0000	16.0000
MyBaseline-24	MB254	0.0000	99.0000	0.0000	99.0000
MyBaseline-24	MB256	0.0000	99.0000	0.0000	99.0000
MyBaseline-24	MB258	0.2500	20.0000	2.0000	20.0000
MyBaseline-24	MB265	0.0000	46.0000	0.0000	46.0000
MyBaseline-24	MB267	0.0000	0.0000	0.0000	0.0000
MyBaseline-24	MB276	0.0000	18.0000	0.0000	18.0000
MyBaseline-24	MB286	0.0000	1.0000	0.0000	1.0000
MyBaseline-24	MB319	0.0000	1.0000	0.0000	1.0000
MyBaseline-24	MB332	0.1667	3.0000	1.0000	3.0000
MyBaseline-24	MB351	0.0000	0.0000	0.0000	0.0000
MyBaseline-24	MB358	0.0000	7.0000	0.0000	7.0000
MyBaseline-24	MB361	0.0000	32.0000	0.0000	32.0000
MyBaseline-24	MB362	0.3500	1.0000	7.0000	1.0000
MyBaseline-24	MB363	0.0645	97.0000	2.0000	97.0000
MyBaseline-24	MB371	0.1667	7.0000	7.0000	7.0000
MyBaseline-24	MB382	0.0000	0.0000	0.0000	0.0000
MyBaseline-24	MB391	0.0370	3.0000	1.0000	3.0000
MyBaseline-24	MB392	0.0000	24.0000	0.0000	24.0000
MyBaseline-24	MB409	0.3077	4.0000	4.0000	4.0000
MyBaseline-24	MB410	0.0000	0.0000	0.0000	0.0000
MyBaseline-24	MB414	0.0000	1.0000	0.0000	1.0000
MyBaseline-24	MB431	0.0000	2.0000	0.0000	2.0000
MyBaseline-24	MB436	0.0000	3.0000	0.0000	3.0000
MyBaseline-24	MB438	0.0000	5.0000	0.0000	5.0000
MyBaseline-24	MB440	0.1714	79.0000	6.0000	79.0000
MyBaseline-24	AVG	0.0907	20.3455	1.7636	20.3455
nudt_sna-28	RTS31	0.0000	18.0000	0.0000	18.0000
nudt_sna-28	MB363	0.0968	15.0000	3.0000	15.0000
nudt_sna-28	AVG	0.0018	0.6000	0.0545	0.6000
nudt_sna-29	RTS1	0.4000	3.0000	6.0000	3.0000
nudt_sna-29	RTS4	0.2143	75.0000	3.0000	75.0000
nudt_sna-29	RTS5	0.5000	80.0000	3.0000	80.0000
nudt_sna-29	RTS6	0.1875	94.0000	3.0000	94.0000
nudt_sna-29	RTS10	0.1719	0.0000	11.0000	0.0000
nudt_sna-29	RTS13	0.5217	42.0000	12.0000	42.0000
nudt_sna-29	RTS19	0.0000	7.0000	0.0000	7.0000
nudt_sna-29	RTS21	0.2222	2.0000	2.0000	2.0000
nudt_sna-29	RTS24	0.0000	1.0000	0.0000	1.0000
nudt_sna-29	RTS25	0.4286	58.0000	9.0000	58.0000
nudt_sna-29	RTS27	0.0000	0.0000	0.0000	0.0000
nudt_sna-29	RTS28	0.6667	21.0000	2.0000	21.0000
nudt_sna-29	RTS31	0.3125	92.0000	5.0000	92.0000
nudt_sna-29	RTS32	0.2000	10.0000	2.0000	10.0000
nudt_sna-29	RTS35	0.3333	48.0000	3.0000	48.0000
nudt_sna-29	RTS36	0.2500	6.0000	1.0000	6.0000
nudt_sna-29	RTS37	0.0000	59.0000	0.0000	59.0000
nudt_sna-29	RTS43	0.2593	57.0000	7.0000	57.0000
nudt_sna-29	MB226	0.0000	15.0000	0.0000	15.0000
nudt_sna-29	MB229	0.3333	61.0000	12.0000	61.0000
nudt_sna-29	MB230	0.0000	1.0000	0.0000	1.0000
nudt_sna-29	MB239	0.2500	8.0000	1.0000	8.0000
nudt_sna-29	MB254	0.0000	1.0000	0.0000	1.0000
nudt_sna-29	MB256	0.0667	70.0000	1.0000	70.0000
nudt_sna-29	MB258	0.5000	71.0000	4.0000	71.0000
nudt_sna-29	MB265	0.0000	2.0000	0.0000	2.0000
nudt_sna-29	MB267	0.0164	4.0000	1.0000	4.0000
nudt_sna-29	MB276	0.2857	62.0000	2.0000	62.0000
nudt_sna-29	MB286	0.0000	80.0000	0.0000	80.0000
nudt_sna-29	MB319	0.0000	6.0000	0.0000	6.0000
nudt_sna-29	MB320	0.0833	0.0000	1.0000	0.0000
nudt_sna-29	MB332	0.0000	9.0000	0.0000	9.0000
nudt_sna-29	MB358	0.0000	14.0000	0.0000	14.0000
nudt_sna-29	MB361	0.2500	78.0000	1.0000	78.0000
nudt_sna-29	MB362	0.3000	1.0000	6.0000	1.0000
nudt_sna-29	MB363	0.0323	97.0000	1.0000	97.0000
nudt_sna-29	MB365	0.0000	5.0000	0.0000	5.0000
nudt_sna-29	MB371	0.0476	26.0000	2.0000	26.0000
nudt_sna-29	MB377	0.1429	6.0000	2.0000	6.0000
nudt_sna-29	MB381	0.4286	81.0000	3.0000	81.0000
nudt_sna-29	MB382	0.0000	6.0000	0.0000	6.0000
nudt_sna-29	MB391	0.1111	4.0000	3.0000	4.0000
nudt_sna-29	MB392	0.4000	82.0000	4.0000	82.0000
nudt_sna-29	MB409	0.1538	2.0000	2.0000	2.0000
nudt_sna-29	MB410	0.0000	0.0000	0.0000	0.0000
nudt_sna-29	MB431	0.1667	0.0000	1.0000	0.0000
nudt_sna-29	MB436	0.2500	18.0000	2.0000	18.0000
nudt_sna-29	MB438	1.0000	42.0000	1.0000	42.0000
nudt_sna-29	MB440	0.1429	70.0000	5.0000	70.0000
nudt_sna-29	AVG	0.1751	28.6727	2.2545	28.6727
nudt_sna-30	RTS1	0.2000	0.0000	3.0000	0.0000
nudt_sna-30	RTS4	0.1429	27.0000	2.0000	27.0000
nudt_sna-30	RTS5	0.3333	19.0000	2.0000	19.0000
nudt_sna-30	RTS6	0.0000	29.0000	0.0000	29.0000
nudt_sna-30	RTS10	0.0625	0.0000	4.0000	0.0000
nudt_sna-30	RTS13	0.1304	5.0000	3.0000	5.0000
nudt_sna-30	RTS21	0.1111	1.0000	1.0000	1.0000
nudt_sna-30	RTS25	0.0000	29.0000	0.0000	29.0000
nudt_sna-30	RTS28	0.0000	0.0000	0.0000	0.0000
nudt_sna-30	RTS31	0.0000	29.0000	0.0000	29.0000
nudt_sna-30	RTS32	0.0000	4.0000	0.0000	4.0000
nudt_sna-30	RTS35	0.0000	0.0000	0.0000	0.0000
nudt_sna-30	RTS36	0.2500	1.0000	1.0000	1.0000
nudt_sna-30	RTS37	0.0000	0.0000	0.0000	0.0000
nudt_sna-30	RTS43	0.0741	27.0000	2.0000	27.0000
nudt_sna-30	MB226	0.0000	1.0000	0.0000	1.0000
nudt_sna-30	MB229	0.0833	26.0000	3.0000	26.0000
nudt_sna-30	MB239	0.0000	23.0000	0.0000	23.0000
nudt_sna-30	MB256	0.0000	0.0000	0.0000	0.0000
nudt_sna-30	MB258	0.2500	7.0000	2.0000	7.0000
nudt_sna-30	MB265	0.0000	0.0000	0.0000	0.0000
nudt_sna-30	MB267	0.0492	2.0000	3.0000	2.0000
nudt_sna-30	MB276	0.2857	26.0000	2.0000	26.0000
nudt_sna-30	MB286	0.0000	29.0000	0.0000	29.0000
nudt_sna-30	MB319	0.0000	1.0000	0.0000	1.0000
nudt_sna-30	MB320	0.0833	0.0000	1.0000	0.0000
nudt_sna-30	MB358	0.0000	7.0000	0.0000	7.0000
nudt_sna-30	MB361	0.0000	0.0000	0.0000	0.0000
nudt_sna-30	MB362	0.1000	0.0000	2.0000	0.0000
nudt_sna-30	MB363	0.0000	3.0000	0.0000	3.0000
nudt_sna-30	MB365	0.0000	9.0000	0.0000	9.0000
nudt_sna-30	MB371	0.0000	2.0000	0.0000	2.0000
nudt_sna-30	MB377	0.0714	0.0000	1.0000	0.0000
nudt_sna-30	MB381	0.4286	12.0000	3.0000	12.0000
nudt_sna-30	MB382	0.0000	3.0000	0.0000	3.0000
nudt_sna-30	MB391	0.0370	1.0000	1.0000	1.0000
nudt_sna-30	MB392	0.1000	19.0000	1.0000	19.0000
nudt_sna-30	MB409	0.1538	7.0000	2.0000	7.0000
nudt_sna-30	MB410	0.0000	0.0000	0.0000	0.0000
nudt_sna-30	MB436	0.1250	2.0000	1.0000	2.0000
nudt_sna-30	MB438	0.0000	2.0000	0.0000	2.0000
nudt_sna-30	MB440	0.0857	4.0000	3.0000	4.0000
nudt_sna-30	AVG	0.0574	6.4909	0.7818	6.4909
PRNABaseline-34	RTS5	0.0000	1.0000	0.0000	1.0000
PRNABaseline-34	RTS10	0.0469	1.0000	3.0000	1.0000
PRNABaseline-34	RTS19	0.0000	4.0000	0.0000	4.0000
PRNABaseline-34	RTS21	0.0000	0.0000	0.0000	0.0000
PRNABaseline-34	RTS28	0.0000	0.0000	0.0000	0.0000
PRNABaseline-34	RTS31	0.0625	26.0000	1.0000	26.0000
PRNABaseline-34	RTS36	0.0000	0.0000	0.0000	0.0000
PRNABaseline-34	RTS37	0.0000	0.0000	0.0000	0.0000
PRNABaseline-34	RTS43	0.1852	27.0000	5.0000	27.0000
PRNABaseline-34	MB254	0.0000	0.0000	0.0000	0.0000
PRNABaseline-34	MB258	0.1250	0.0000	1.0000	0.0000
PRNABaseline-34	MB319	0.0000	0.0000	0.0000	0.0000
PRNABaseline-34	MB371	0.0000	0.0000	0.0000	0.0000
PRNABaseline-34	MB431	0.0000	0.0000	0.0000	0.0000
PRNABaseline-34	MB440	0.0286	0.0000	1.0000	0.0000
PRNABaseline-34	AVG	0.0081	1.0727	0.2000	1.0727
PRNATaskA2-35	RTS1	0.0000	0.0000	0.0000	0.0000
PRNATaskA2-35	RTS5	0.1667	5.0000	1.0000	5.0000
PRNATaskA2-35	RTS10	0.1875	2.0000	12.0000	2.0000
PRNATaskA2-35	RTS13	0.0000	1.0000	0.0000	1.0000
PRNATaskA2-35	RTS19	0.0000	27.0000	0.0000	27.0000
PRNATaskA2-35	RTS21	0.0000	2.0000	0.0000	2.0000
PRNATaskA2-35	RTS25	0.0000	0.0000	0.0000	0.0000
PRNATaskA2-35	RTS27	0.0000	8.0000	0.0000	8.0000
PRNATaskA2-35	RTS28	0.0000	1.0000	0.0000	1.0000
PRNATaskA2-35	RTS31	0.2500	95.0000	4.0000	95.0000
PRNATaskA2-35	RTS36	0.0000	0.0000	0.0000	0.0000
PRNATaskA2-35	RTS37	0.0952	27.0000	2.0000	27.0000
PRNATaskA2-35	RTS43	0.1852	89.0000	5.0000	89.0000
PRNATaskA2-35	MB254	0.0000	5.0000	0.0000	5.0000
PRNATaskA2-35	MB258	0.1250	7.0000	1.0000	7.0000
PRNATaskA2-35	MB276	0.0000	52.0000	0.0000	52.0000
PRNATaskA2-35	MB319	0.0000	1.0000	0.0000	1.0000
PRNATaskA2-35	MB351	0.0000	0.0000	0.0000	0.0000
PRNATaskA2-35	MB358	0.0000	0.0000	0.0000	0.0000
PRNATaskA2-35	MB363	0.1290	71.0000	4.0000	71.0000
PRNATaskA2-35	MB371	0.3810	10.0000	16.0000	10.0000
PRNATaskA2-35	MB381	0.0000	0.0000	0.0000	0.0000
PRNATaskA2-35	MB431	0.0000	0.0000	0.0000	0.0000
PRNATaskA2-35	MB440	0.0286	0.0000	1.0000	0.0000
PRNATaskA2-35	AVG	0.0281	7.3273	0.8364	7.3273
PRNATaskA3-36	RTS1	0.0000	0.0000	0.0000	0.0000
PRNATaskA3-36	RTS5	0.1667	6.0000	1.0000	6.0000
PRNATaskA3-36	RTS10	0.2031	2.0000	13.0000	2.0000
PRNATaskA3-36	RTS13	0.0435	1.0000	1.0000	1.0000
PRNATaskA3-36	RTS19	0.0000	36.0000	0.0000	36.0000
PRNATaskA3-36	RTS21	0.0000	2.0000	0.0000	2.0000
PRNATaskA3-36	RTS25	0.0000	0.0000	0.0000	0.0000
PRNATaskA3-36	RTS27	0.0000	9.0000	0.0000	9.0000
PRNATaskA3-36	RTS28	0.0000	1.0000	0.0000	1.0000
PRNATaskA3-36	RTS31	0.2500	61.0000	4.0000	61.0000
PRNATaskA3-36	RTS36	0.0000	0.0000	0.0000	0.0000
PRNATaskA3-36	RTS37	0.0952	23.0000	2.0000	23.0000
PRNATaskA3-36	RTS43	0.1852	63.0000	5.0000	63.0000
PRNATaskA3-36	MB254	0.0000	5.0000	0.0000	5.0000
PRNATaskA3-36	MB258	0.1250	6.0000	1.0000	6.0000
PRNATaskA3-36	MB276	0.0000	38.0000	0.0000	38.0000
PRNATaskA3-36	MB319	0.0000	1.0000	0.0000	1.0000
PRNATaskA3-36	MB351	0.0000	0.0000	0.0000	0.0000
PRNATaskA3-36	MB358	0.0000	0.0000	0.0000	0.0000
PRNATaskA3-36	MB363	0.0323	38.0000	1.0000	38.0000
PRNATaskA3-36	MB371	0.3333	8.0000	14.0000	8.0000
PRNATaskA3-36	MB381	0.0000	0.0000	0.0000	0.0000
PRNATaskA3-36	MB431	0.0000	0.0000	0.0000	0.0000
PRNATaskA3-36	MB440	0.0286	0.0000	1.0000	0.0000
PRNATaskA3-36	AVG	0.0266	5.4545	0.7818	5.4545
QUBaseline-37	RTS1	0.2667	2.0000	4.0000	2.0000
QUBaseline-37	RTS2	0.0000	0.0000	0.0000	0.0000
QUBaseline-37	RTS4	0.0000	1.0000	0.0000	1.0000
QUBaseline-37	RTS5	0.1667	10.0000	1.0000	10.0000
QUBaseline-37	RTS6	0.0000	0.0000	0.0000	0.0000
QUBaseline-37	RTS10	0.0938	0.0000	6.0000	0.0000
QUBaseline-37	RTS13	0.0000	2.0000	0.0000	2.0000
QUBaseline-37	RTS14	0.0000	1.0000	0.0000	1.0000
QUBaseline-37	RTS19	0.0000	3.0000	0.0000	3.0000
QUBaseline-37	RTS21	0.0000	0.0000	0.0000	0.0000
QUBaseline-37	RTS25	0.0000	3.0000	0.0000	3.0000
QUBaseline-37	RTS27	0.0000	0.0000	0.0000	0.0000
QUBaseline-37	RTS28	0.3333	5.0000	1.0000	5.0000
QUBaseline-37	RTS31	0.0625	30.0000	1.0000	30.0000
QUBaseline-37	RTS35	0.1111	2.0000	1.0000	2.0000
QUBaseline-37	RTS36	0.2500	0.0000	1.0000	0.0000
QUBaseline-37	RTS37	0.0000	2.0000	0.0000	2.0000
QUBaseline-37	RTS43	0.1111	3.0000	3.0000	3.0000
QUBaseline-37	MB229	0.0833	7.0000	3.0000	7.0000
QUBaseline-37	MB239	0.0000	0.0000	0.0000	0.0000
QUBaseline-37	MB254	0.0000	0.0000	0.0000	0.0000
QUBaseline-37	MB258	0.0000	1.0000	0.0000	1.0000
QUBaseline-37	MB286	0.0000	4.0000	0.0000	4.0000
QUBaseline-37	MB351	0.0000	0.0000	0.0000	0.0000
QUBaseline-37	MB361	0.0000	0.0000	0.0000	0.0000
QUBaseline-37	MB362	0.2500	0.0000	5.0000	0.0000
QUBaseline-37	MB363	0.0000	8.0000	0.0000	8.0000
QUBaseline-37	MB371	0.1429	7.0000	6.0000	7.0000
QUBaseline-37	MB377	0.0000	0.0000	0.0000	0.0000
QUBaseline-37	MB381	0.0000	0.0000	0.0000	0.0000
QUBaseline-37	MB392	0.0000	1.0000	0.0000	1.0000
QUBaseline-37	MB414	0.0000	0.0000	0.0000	0.0000
QUBaseline-37	MB420	0.0000	0.0000	0.0000	0.0000
QUBaseline-37	MB431	0.0000	0.0000	0.0000	0.0000
QUBaseline-37	MB436	0.0000	0.0000	0.0000	0.0000
QUBaseline-37	MB440	0.0286	8.0000	1.0000	8.0000
QUBaseline-37	AVG	0.0345	1.8182	0.6000	1.8182
QUExpP-38	RTS1	0.0667	0.0000	1.0000	0.0000
QUExpP-38	RTS2	0.0000	0.0000	0.0000	0.0000
QUExpP-38	RTS4	0.0000	1.0000	0.0000	1.0000
QUExpP-38	RTS5	0.1667	11.0000	1.0000	11.0000
QUExpP-38	RTS6	0.0000	0.0000	0.0000	0.0000
QUExpP-38	RTS10	0.0625	0.0000	4.0000	0.0000
QUExpP-38	RTS13	0.0000	2.0000	0.0000	2.0000
QUExpP-38	RTS14	0.0000	0.0000	0.0000	0.0000
QUExpP-38	RTS19	0.0000	3.0000	0.0000	3.0000
QUExpP-38	RTS21	0.0000	0.0000	0.0000	0.0000
QUExpP-38	RTS25	0.0000	1.0000	0.0000	1.0000
QUExpP-38	RTS27	0.0000	0.0000	0.0000	0.0000
QUExpP-38	RTS28	0.3333	5.0000	1.0000	5.0000
QUExpP-38	RTS31	0.0625	15.0000	1.0000	15.0000
QUExpP-38	RTS35	0.1111	2.0000	1.0000	2.0000
QUExpP-38	RTS36	0.2500	0.0000	1.0000	0.0000
QUExpP-38	RTS37	0.0000	2.0000	0.0000	2.0000
QUExpP-38	RTS43	0.0741	3.0000	2.0000	3.0000
QUExpP-38	MB229	0.0556	6.0000	2.0000	6.0000
QUExpP-38	MB239	0.0000	0.0000	0.0000	0.0000
QUExpP-38	MB254	0.0000	0.0000	0.0000	0.0000
QUExpP-38	MB258	0.0000	1.0000	0.0000	1.0000
QUExpP-38	MB286	0.0000	4.0000	0.0000	4.0000
QUExpP-38	MB351	0.0000	0.0000	0.0000	0.0000
QUExpP-38	MB361	0.0000	0.0000	0.0000	0.0000
QUExpP-38	MB362	0.1500	50.0000	3.0000	50.0000
QUExpP-38	MB363	0.0000	11.0000	0.0000	11.0000
QUExpP-38	MB371	0.0714	4.0000	3.0000	4.0000
QUExpP-38	MB377	0.0000	0.0000	0.0000	0.0000
QUExpP-38	MB381	0.0000	0.0000	0.0000	0.0000
QUExpP-38	MB392	0.0000	1.0000	0.0000	1.0000
QUExpP-38	MB414	0.0000	0.0000	0.0000	0.0000
QUExpP-38	MB420	0.0000	0.0000	0.0000	0.0000
QUExpP-38	MB431	0.0000	0.0000	0.0000	0.0000
QUExpP-38	MB436	0.0000	0.0000	0.0000	0.0000
QUExpP-38	MB440	0.0286	7.0000	1.0000	7.0000
QUExpP-38	AVG	0.0260	2.3455	0.3818	2.3455
QUExpT-39	RTS1	0.0667	0.0000	1.0000	0.0000
QUExpT-39	RTS2	0.0000	0.0000	0.0000	0.0000
QUExpT-39	RTS4	0.0000	1.0000	0.0000	1.0000
QUExpT-39	RTS5	0.0000	9.0000	0.0000	9.0000
QUExpT-39	RTS6	0.0000	0.0000	0.0000	0.0000
QUExpT-39	RTS10	0.0625	0.0000	4.0000	0.0000
QUExpT-39	RTS13	0.0000	2.0000	0.0000	2.0000
QUExpT-39	RTS14	0.0000	1.0000	0.0000	1.0000
QUExpT-39	RTS19	0.0000	3.0000	0.0000	3.0000
QUExpT-39	RTS21	0.0000	0.0000	0.0000	0.0000
QUExpT-39	RTS25	0.0000	3.0000	0.0000	3.0000
QUExpT-39	RTS27	0.0000	0.0000	0.0000	0.0000
QUExpT-39	RTS28	0.3333	5.0000	1.0000	5.0000
QUExpT-39	RTS31	0.0625	9.0000	1.0000	9.0000
QUExpT-39	RTS35	0.1111	2.0000	1.0000	2.0000
QUExpT-39	RTS36	0.2500	0.0000	1.0000	0.0000
QUExpT-39	RTS37	0.0000	2.0000	0.0000	2.0000
QUExpT-39	RTS43	0.1111	3.0000	3.0000	3.0000
QUExpT-39	MB229	0.0556	5.0000	2.0000	5.0000
QUExpT-39	MB239	0.0000	0.0000	0.0000	0.0000
QUExpT-39	MB254	0.0000	0.0000	0.0000	0.0000
QUExpT-39	MB258	0.0000	1.0000	0.0000	1.0000
QUExpT-39	MB286	0.0000	4.0000	0.0000	4.0000
QUExpT-39	MB351	0.0000	0.0000	0.0000	0.0000
QUExpT-39	MB361	0.0000	0.0000	0.0000	0.0000
QUExpT-39	MB362	0.2500	0.0000	5.0000	0.0000
QUExpT-39	MB363	0.0000	7.0000	0.0000	7.0000
QUExpT-39	MB371	0.0476	3.0000	2.0000	3.0000
QUExpT-39	MB377	0.0000	0.0000	0.0000	0.0000
QUExpT-39	MB381	0.0000	0.0000	0.0000	0.0000
QUExpT-39	MB392	0.0000	1.0000	0.0000	1.0000
QUExpT-39	MB414	0.0000	0.0000	0.0000	0.0000
QUExpT-39	MB420	0.0000	0.0000	0.0000	0.0000
QUExpT-39	MB431	0.0000	0.0000	0.0000	0.0000
QUExpT-39	MB436	0.0000	0.0000	0.0000	0.0000
QUExpT-39	MB440	0.0286	8.0000	1.0000	8.0000
QUExpT-39	AVG	0.0251	1.2545	0.4000	1.2545
QUT_RTS-40	RTS4	0.0000	6.0000	0.0000	6.0000
QUT_RTS-40	RTS10	0.0000	0.0000	0.0000	0.0000
QUT_RTS-40	MB229	0.0556	2.0000	2.0000	2.0000
QUT_RTS-40	MB239	0.0000	0.0000	0.0000	0.0000
QUT_RTS-40	MB265	0.0000	16.0000	0.0000	16.0000
QUT_RTS-40	MB319	0.0000	1.0000	0.0000	1.0000
QUT_RTS-40	MB358	0.0000	2.0000	0.0000	2.0000
QUT_RTS-40	MB377	0.0000	24.0000	0.0000	24.0000
QUT_RTS-40	MB410	0.0000	0.0000	0.0000	0.0000
QUT_RTS-40	AVG	0.0010	0.9273	0.0364	0.9273
ru32-33	RTS1	0.5333	5.0000	8.0000	5.0000
ru32-33	RTS5	0.3333	25.0000	2.0000	25.0000
ru32-33	RTS6	0.0000	0.0000	0.0000	0.0000
ru32-33	RTS10	0.1562	1.0000	10.0000	1.0000
ru32-33	RTS13	0.2174	0.0000	5.0000	0.0000
ru32-33	RTS19	0.0000	99.0000	0.0000	99.0000
ru32-33	RTS21	0.1111	5.0000	1.0000	5.0000
ru32-33	RTS25	0.0000	7.0000	0.0000	7.0000
ru32-33	RTS27	0.0000	0.0000	0.0000	0.0000
ru32-33	RTS28	1.0000	13.0000	3.0000	13.0000
ru32-33	RTS31	0.1875	96.0000	3.0000	96.0000
ru32-33	RTS35	0.0000	1.0000	0.0000	1.0000
ru32-33	RTS36	0.2500	4.0000	1.0000	4.0000
ru32-33	RTS37	0.0476	62.0000	1.0000	62.0000
ru32-33	MB229	0.2500	15.0000	9.0000	15.0000
ru32-33	MB239	0.0000	0.0000	0.0000	0.0000
ru32-33	MB254	0.0000	7.0000	0.0000	7.0000
ru32-33	MB258	0.0000	0.0000	0.0000	0.0000
ru32-33	MB319	0.0000	2.0000	0.0000	2.0000
ru32-33	MB320	0.0000	1.0000	0.0000	1.0000
ru32-33	MB351	0.1429	1.0000	1.0000	1.0000
ru32-33	MB361	0.2500	2.0000	1.0000	2.0000
ru32-33	MB362	0.2500	2.0000	5.0000	2.0000
ru32-33	MB363	0.0323	1.0000	1.0000	1.0000
ru32-33	MB371	0.1429	86.0000	6.0000	86.0000
ru32-33	MB381	0.4286	56.0000	3.0000	56.0000
ru32-33	MB392	0.2000	77.0000	2.0000	77.0000
ru32-33	MB431	0.0000	0.0000	0.0000	0.0000
ru32-33	MB440	0.0000	0.0000	0.0000	0.0000
ru32-33	AVG	0.0824	10.3273	1.1273	10.3273
run1-11	RTS1	0.4000	1.0000	6.0000	1.0000
run1-11	RTS10	0.0000	0.0000	0.0000	0.0000
run1-11	RTS13	0.0000	0.0000	0.0000	0.0000
run1-11	RTS21	0.0000	2.0000	0.0000	2.0000
run1-11	RTS28	0.6667	7.0000	2.0000	7.0000
run1-11	RTS35	0.0000	6.0000	0.0000	6.0000
run1-11	RTS36	0.2500	0.0000	1.0000	0.0000
run1-11	MB229	0.0278	1.0000	1.0000	1.0000
run1-11	MB362	0.0000	0.0000	0.0000	0.0000
run1-11	MB371	0.4286	16.0000	18.0000	16.0000
run1-11	MB414	0.1739	9.0000	4.0000	9.0000
run1-11	MB440	0.2286	4.0000	8.0000	4.0000
run1-11	AVG	0.0396	0.8364	0.7273	0.8364
run1-31	RTS1	0.6000	2.0000	9.0000	2.0000
run1-31	RTS5	0.3333	28.0000	2.0000	28.0000
run1-31	RTS6	0.0000	0.0000	0.0000	0.0000
run1-31	RTS10	0.1875	0.0000	12.0000	0.0000
run1-31	RTS13	0.6522	38.0000	15.0000	38.0000
run1-31	RTS19	0.0000	99.0000	0.0000	99.0000
run1-31	RTS21	0.1111	6.0000	1.0000	6.0000
run1-31	RTS25	0.0952	7.0000	2.0000	7.0000
run1-31	RTS27	0.0000	0.0000	0.0000	0.0000
run1-31	RTS28	1.0000	14.0000	3.0000	14.0000
run1-31	RTS31	0.1875	96.0000	3.0000	96.0000
run1-31	RTS35	0.0000	1.0000	0.0000	1.0000
run1-31	RTS36	0.2500	4.0000	1.0000	4.0000
run1-31	RTS37	0.0476	73.0000	1.0000	73.0000
run1-31	MB229	0.2778	16.0000	10.0000	16.0000
run1-31	MB239	0.0000	1.0000	0.0000	1.0000
run1-31	MB254	0.0000	8.0000	0.0000	8.0000
run1-31	MB258	0.0000	0.0000	0.0000	0.0000
run1-31	MB286	0.0000	1.0000	0.0000	1.0000
run1-31	MB319	0.0000	1.0000	0.0000	1.0000
run1-31	MB320	0.0000	1.0000	0.0000	1.0000
run1-31	MB351	0.1429	1.0000	1.0000	1.0000
run1-31	MB361	0.2500	2.0000	1.0000	2.0000
run1-31	MB362	0.3500	2.0000	7.0000	2.0000
run1-31	MB363	0.0645	2.0000	2.0000	2.0000
run1-31	MB371	0.1429	87.0000	6.0000	87.0000
run1-31	MB381	0.2857	68.0000	2.0000	68.0000
run1-31	MB392	0.4000	93.0000	4.0000	93.0000
run1-31	MB431	0.0000	0.0000	0.0000	0.0000
run1-31	MB440	0.0000	2.0000	0.0000	2.0000
run1-31	AVG	0.0978	11.8727	1.4909	11.8727
run2-12	RTS1	0.1333	0.0000	2.0000	0.0000
run2-12	RTS10	0.0156	0.0000	1.0000	0.0000
run2-12	RTS13	0.0000	0.0000	0.0000	0.0000
run2-12	RTS21	0.0000	2.0000	0.0000	2.0000
run2-12	RTS25	0.0000	0.0000	0.0000	0.0000
run2-12	RTS28	0.3333	4.0000	1.0000	4.0000
run2-12	RTS35	0.0000	6.0000	0.0000	6.0000
run2-12	RTS36	0.0000	0.0000	0.0000	0.0000
run2-12	MB229	0.0556	1.0000	2.0000	1.0000
run2-12	MB267	0.0000	0.0000	0.0000	0.0000
run2-12	MB362	0.0500	0.0000	1.0000	0.0000
run2-12	MB363	0.0000	0.0000	0.0000	0.0000
run2-12	MB371	0.4048	15.0000	17.0000	15.0000
run2-12	MB414	0.0870	4.0000	2.0000	4.0000
run2-12	MB431	0.0000	0.0000	0.0000	0.0000
run2-12	MB440	0.2000	2.0000	7.0000	2.0000
run2-12	AVG	0.0233	0.6182	0.6000	0.6182
run2-32	RTS1	0.6000	2.0000	9.0000	2.0000
run2-32	RTS5	0.5000	30.0000	3.0000	30.0000
run2-32	RTS6	0.0000	0.0000	0.0000	0.0000
run2-32	RTS10	0.1875	1.0000	12.0000	1.0000
run2-32	RTS13	0.6522	37.0000	15.0000	37.0000
run2-32	RTS19	0.0000	99.0000	0.0000	99.0000
run2-32	RTS21	0.1111	7.0000	1.0000	7.0000
run2-32	RTS25	0.2381	25.0000	5.0000	25.0000
run2-32	RTS27	0.0000	0.0000	0.0000	0.0000
run2-32	RTS28	1.0000	14.0000	3.0000	14.0000
run2-32	RTS31	0.2500	95.0000	4.0000	95.0000
run2-32	RTS32	0.1000	0.0000	1.0000	0.0000
run2-32	RTS35	0.0000	1.0000	0.0000	1.0000
run2-32	RTS36	0.2500	4.0000	1.0000	4.0000
run2-32	RTS37	0.0000	83.0000	0.0000	83.0000
run2-32	RTS43	0.0000	2.0000	0.0000	2.0000
run2-32	MB229	0.2778	18.0000	10.0000	18.0000
run2-32	MB239	0.0000	1.0000	0.0000	1.0000
run2-32	MB254	0.0000	10.0000	0.0000	10.0000
run2-32	MB258	0.1250	4.0000	1.0000	4.0000
run2-32	MB286	0.0000	5.0000	0.0000	5.0000
run2-32	MB319	0.0000	3.0000	0.0000	3.0000
run2-32	MB320	0.0000	1.0000	0.0000	1.0000
run2-32	MB332	0.0000	1.0000	0.0000	1.0000
run2-32	MB351	0.1429	1.0000	1.0000	1.0000
run2-32	MB361	0.2500	8.0000	1.0000	8.0000
run2-32	MB362	0.2500	2.0000	5.0000	2.0000
run2-32	MB363	0.0968	9.0000	3.0000	9.0000
run2-32	MB371	0.1429	87.0000	6.0000	87.0000
run2-32	MB377	0.0000	0.0000	0.0000	0.0000
run2-32	MB381	0.2857	69.0000	2.0000	69.0000
run2-32	MB382	0.0000	1.0000	0.0000	1.0000
run2-32	MB392	0.3000	94.0000	3.0000	94.0000
run2-32	MB414	0.0870	0.0000	2.0000	0.0000
run2-32	MB420	0.0556	1.0000	1.0000	1.0000
run2-32	MB431	0.0000	0.0000	0.0000	0.0000
run2-32	MB440	0.0857	7.0000	3.0000	7.0000
run2-32	AVG	0.1089	13.1273	1.6727	13.1273
run3-13	RTS1	0.4667	4.0000	7.0000	4.0000
run3-13	RTS4	0.0000	0.0000	0.0000	0.0000
run3-13	RTS5	0.3333	8.0000	2.0000	8.0000
run3-13	RTS6	0.0625	0.0000	1.0000	0.0000
run3-13	RTS10	0.2188	1.0000	14.0000	1.0000
run3-13	RTS21	0.1111	3.0000	1.0000	3.0000
run3-13	RTS25	0.0952	10.0000	2.0000	10.0000
run3-13	RTS27	0.0000	0.0000	0.0000	0.0000
run3-13	RTS28	1.0000	9.0000	3.0000	9.0000
run3-13	RTS32	0.3000	1.0000	3.0000	1.0000
run3-13	RTS35	0.2222	9.0000	2.0000	9.0000
run3-13	RTS36	0.2500	3.0000	1.0000	3.0000
run3-13	MB229	0.2778	27.0000	10.0000	27.0000
run3-13	MB239	0.0000	1.0000	0.0000	1.0000
run3-13	MB254	0.0000	6.0000	0.0000	6.0000
run3-13	MB256	0.1333	16.0000	2.0000	16.0000
run3-13	MB258	0.2500	2.0000	2.0000	2.0000
run3-13	MB267	0.0164	3.0000	1.0000	3.0000
run3-13	MB319	0.0000	1.0000	0.0000	1.0000
run3-13	MB320	0.8333	3.0000	10.0000	3.0000
run3-13	MB332	0.0000	0.0000	0.0000	0.0000
run3-13	MB358	0.0000	0.0000	0.0000	0.0000
run3-13	MB361	0.5000	0.0000	2.0000	0.0000
run3-13	MB362	0.2500	0.0000	5.0000	0.0000
run3-13	MB363	0.0000	5.0000	0.0000	5.0000
run3-13	MB371	0.5952	28.0000	25.0000	28.0000
run3-13	MB381	0.0000	11.0000	0.0000	11.0000
run3-13	MB414	0.6087	35.0000	14.0000	35.0000
run3-13	MB420	0.0000	0.0000	0.0000	0.0000
run3-13	MB431	0.0000	0.0000	0.0000	0.0000
run3-13	MB436	0.0000	0.0000	0.0000	0.0000
run3-13	MB440	0.3714	8.0000	13.0000	8.0000
run3-13	AVG	0.1254	3.5273	2.1818	3.5273
runA_daiict_irlab-23	RTS1	0.2000	0.0000	3.0000	0.0000
runA_daiict_irlab-23	RTS4	0.1429	44.0000	2.0000	44.0000
runA_daiict_irlab-23	RTS5	0.1667	7.0000	1.0000	7.0000
runA_daiict_irlab-23	RTS6	0.0625	7.0000	1.0000	7.0000
runA_daiict_irlab-23	RTS10	0.0312	2.0000	2.0000	2.0000
runA_daiict_irlab-23	RTS13	0.2174	73.0000	5.0000	73.0000
runA_daiict_irlab-23	RTS14	0.0000	1.0000	0.0000	1.0000
runA_daiict_irlab-23	RTS19	0.0000	32.0000	0.0000	32.0000
runA_daiict_irlab-23	RTS21	0.0000	0.0000	0.0000	0.0000
runA_daiict_irlab-23	RTS24	0.0000	10.0000	0.0000	10.0000
runA_daiict_irlab-23	RTS25	0.0476	28.0000	1.0000	28.0000
runA_daiict_irlab-23	RTS28	0.3333	8.0000	1.0000	8.0000
runA_daiict_irlab-23	RTS31	0.0000	8.0000	0.0000	8.0000
runA_daiict_irlab-23	RTS32	0.0000	78.0000	0.0000	78.0000
runA_daiict_irlab-23	RTS36	0.2500	15.0000	1.0000	15.0000
runA_daiict_irlab-23	RTS37	0.1905	8.0000	4.0000	8.0000
runA_daiict_irlab-23	RTS43	0.0000	9.0000	0.0000	9.0000
runA_daiict_irlab-23	MB226	0.0000	2.0000	0.0000	2.0000
runA_daiict_irlab-23	MB229	0.1389	68.0000	5.0000	68.0000
runA_daiict_irlab-23	MB230	0.0000	5.0000	0.0000	5.0000
runA_daiict_irlab-23	MB239	0.0000	6.0000	0.0000	6.0000
runA_daiict_irlab-23	MB254	0.0000	4.0000	0.0000	4.0000
runA_daiict_irlab-23	MB258	0.1250	18.0000	1.0000	18.0000
runA_daiict_irlab-23	MB267	0.0164	4.0000	1.0000	4.0000
runA_daiict_irlab-23	MB276	0.0000	6.0000	0.0000	6.0000
runA_daiict_irlab-23	MB286	0.0588	0.0000	1.0000	0.0000
runA_daiict_irlab-23	MB319	0.1429	2.0000	1.0000	2.0000
runA_daiict_irlab-23	MB332	0.0000	2.0000	0.0000	2.0000
runA_daiict_irlab-23	MB358	0.2857	3.0000	2.0000	3.0000
runA_daiict_irlab-23	MB361	0.0000	8.0000	0.0000	8.0000
runA_daiict_irlab-23	MB362	0.2000	3.0000	4.0000	3.0000
runA_daiict_irlab-23	MB363	0.0323	8.0000	1.0000	8.0000
runA_daiict_irlab-23	MB371	0.0714	4.0000	3.0000	4.0000
runA_daiict_irlab-23	MB377	0.0000	3.0000	0.0000	3.0000
runA_daiict_irlab-23	MB382	0.0000	12.0000	0.0000	12.0000
runA_daiict_irlab-23	MB392	0.1000	89.0000	1.0000	89.0000
runA_daiict_irlab-23	MB410	0.5000	2.0000	1.0000	2.0000
runA_daiict_irlab-23	MB414	0.0870	67.0000	2.0000	67.0000
runA_daiict_irlab-23	MB420	0.2222	2.0000	4.0000	2.0000
runA_daiict_irlab-23	MB425	0.0000	8.0000	0.0000	8.0000
runA_daiict_irlab-23	MB431	0.1667	3.0000	1.0000	3.0000
runA_daiict_irlab-23	MB436	0.0000	2.0000	0.0000	2.0000
runA_daiict_irlab-23	MB438	0.0000	5.0000	0.0000	5.0000
runA_daiict_irlab-23	MB440	0.0857	15.0000	3.0000	15.0000
runA_daiict_irlab-23	AVG	0.0705	12.3818	0.9455	12.3818
udelRunBM25-43	RTS2	0.0000	0.0000	0.0000	0.0000
udelRunBM25-43	RTS5	0.0000	0.0000	0.0000	0.0000
udelRunBM25-43	RTS31	0.0000	0.0000	0.0000	0.0000
udelRunBM25-43	RTS35	0.0000	0.0000	0.0000	0.0000
udelRunBM25-43	MB254	0.0000	0.0000	0.0000	0.0000
udelRunBM25-43	MB265	0.0000	0.0000	0.0000	0.0000
udelRunBM25-43	MB319	0.0000	0.0000	0.0000	0.0000
udelRunBM25-43	MB332	0.0000	0.0000	0.0000	0.0000
udelRunBM25-43	MB362	0.0000	0.0000	0.0000	0.0000
udelRunBM25-43	MB381	0.0000	2.0000	0.0000	2.0000
udelRunBM25-43	MB438	0.0000	5.0000	0.0000	5.0000
udelRunBM25-43	AVG	0.0000	0.1273	0.0000	0.1273
udelRunTFIDF-44	RTS1	0.3333	2.0000	5.0000	2.0000
udelRunTFIDF-44	RTS2	0.0000	99.0000	0.0000	99.0000
udelRunTFIDF-44	RTS4	0.2143	29.0000	3.0000	29.0000
udelRunTFIDF-44	RTS5	0.6667	74.0000	4.0000	74.0000
udelRunTFIDF-44	RTS6	0.0000	29.0000	0.0000	29.0000
udelRunTFIDF-44	RTS10	0.2656	1.0000	17.0000	1.0000
udelRunTFIDF-44	RTS13	0.0870	3.0000	2.0000	3.0000
udelRunTFIDF-44	RTS14	0.0000	0.0000	0.0000	0.0000
udelRunTFIDF-44	RTS19	0.0000	37.0000	0.0000	37.0000
udelRunTFIDF-44	RTS21	0.1111	4.0000	1.0000	4.0000
udelRunTFIDF-44	RTS24	0.2857	23.0000	2.0000	23.0000
udelRunTFIDF-44	RTS25	0.1429	14.0000	3.0000	14.0000
udelRunTFIDF-44	RTS27	0.0769	56.0000	1.0000	56.0000
udelRunTFIDF-44	RTS28	0.0000	3.0000	0.0000	3.0000
udelRunTFIDF-44	RTS31	0.0000	27.0000	0.0000	27.0000
udelRunTFIDF-44	RTS32	0.0000	19.0000	0.0000	19.0000
udelRunTFIDF-44	RTS35	0.1111	3.0000	1.0000	3.0000
udelRunTFIDF-44	RTS36	0.5000	3.0000	2.0000	3.0000
udelRunTFIDF-44	RTS37	0.0000	0.0000	0.0000	0.0000
udelRunTFIDF-44	RTS43	0.2593	28.0000	7.0000	28.0000
udelRunTFIDF-44	MB229	0.2500	17.0000	9.0000	17.0000
udelRunTFIDF-44	MB239	0.0000	1.0000	0.0000	1.0000
udelRunTFIDF-44	MB254	0.0000	9.0000	0.0000	9.0000
udelRunTFIDF-44	MB256	0.0000	7.0000	0.0000	7.0000
udelRunTFIDF-44	MB258	0.0000	1.0000	0.0000	1.0000
udelRunTFIDF-44	MB265	0.0000	2.0000	0.0000	2.0000
udelRunTFIDF-44	MB267	0.2131	2.0000	13.0000	2.0000
udelRunTFIDF-44	MB276	0.0000	4.0000	0.0000	4.0000
udelRunTFIDF-44	MB286	0.0000	0.0000	0.0000	0.0000
udelRunTFIDF-44	MB319	0.1429	2.0000	1.0000	2.0000
udelRunTFIDF-44	MB320	0.0000	2.0000	0.0000	2.0000
udelRunTFIDF-44	MB351	0.1429	4.0000	1.0000	4.0000
udelRunTFIDF-44	MB358	0.0000	2.0000	0.0000	2.0000
udelRunTFIDF-44	MB361	0.0000	1.0000	0.0000	1.0000
udelRunTFIDF-44	MB362	0.3500	3.0000	7.0000	3.0000
udelRunTFIDF-44	MB363	0.0323	16.0000	1.0000	16.0000
udelRunTFIDF-44	MB365	0.0000	1.0000	0.0000	1.0000
udelRunTFIDF-44	MB371	0.0000	4.0000	0.0000	4.0000
udelRunTFIDF-44	MB377	0.0000	6.0000	0.0000	6.0000
udelRunTFIDF-44	MB381	0.0000	3.0000	0.0000	3.0000
udelRunTFIDF-44	MB391	0.0000	0.0000	0.0000	0.0000
udelRunTFIDF-44	MB392	0.0000	3.0000	0.0000	3.0000
udelRunTFIDF-44	MB409	0.0769	4.0000	1.0000	4.0000
udelRunTFIDF-44	MB414	0.0435	7.0000	1.0000	7.0000
udelRunTFIDF-44	MB420	0.1111	15.0000	2.0000	15.0000
udelRunTFIDF-44	MB425	0.0000	2.0000	0.0000	2.0000
udelRunTFIDF-44	MB431	0.0000	4.0000	0.0000	4.0000
udelRunTFIDF-44	MB436	0.0000	0.0000	0.0000	0.0000
udelRunTFIDF-44	MB438	0.0000	9.0000	0.0000	9.0000
udelRunTFIDF-44	MB440	0.1143	30.0000	4.0000	30.0000
udelRunTFIDF-44	AVG	0.0824	11.1818	1.6000	11.1818
udelRunTFIDFQ-45	RTS1	0.1333	4.0000	2.0000	4.0000
udelRunTFIDFQ-45	RTS2	0.0000	99.0000	0.0000	99.0000
udelRunTFIDFQ-45	RTS4	0.1429	26.0000	2.0000	26.0000
udelRunTFIDFQ-45	RTS5	0.6667	77.0000	4.0000	77.0000
udelRunTFIDFQ-45	RTS6	0.0625	54.0000	1.0000	54.0000
udelRunTFIDFQ-45	RTS10	0.2500	1.0000	16.0000	1.0000
udelRunTFIDFQ-45	RTS13	0.0870	3.0000	2.0000	3.0000
udelRunTFIDFQ-45	RTS19	0.0000	37.0000	0.0000	37.0000
udelRunTFIDFQ-45	RTS21	0.1111	5.0000	1.0000	5.0000
udelRunTFIDFQ-45	RTS24	0.2857	25.0000	2.0000	25.0000
udelRunTFIDFQ-45	RTS25	0.0952	21.0000	2.0000	21.0000
udelRunTFIDFQ-45	RTS27	0.0769	55.0000	1.0000	55.0000
udelRunTFIDFQ-45	RTS28	0.0000	3.0000	0.0000	3.0000
udelRunTFIDFQ-45	RTS31	0.0000	30.0000	0.0000	30.0000
udelRunTFIDFQ-45	RTS32	0.0000	33.0000	0.0000	33.0000
udelRunTFIDFQ-45	RTS35	0.2222	2.0000	2.0000	2.0000
udelRunTFIDFQ-45	RTS36	0.5000	3.0000	2.0000	3.0000
udelRunTFIDFQ-45	RTS37	0.0000	2.0000	0.0000	2.0000
udelRunTFIDFQ-45	RTS43	0.2222	28.0000	6.0000	28.0000
udelRunTFIDFQ-45	MB226	0.0000	0.0000	0.0000	0.0000
udelRunTFIDFQ-45	MB229	0.2500	15.0000	9.0000	15.0000
udelRunTFIDFQ-45	MB239	0.0000	0.0000	0.0000	0.0000
udelRunTFIDFQ-45	MB254	0.0000	8.0000	0.0000	8.0000
udelRunTFIDFQ-45	MB256	0.0000	8.0000	0.0000	8.0000
udelRunTFIDFQ-45	MB258	0.0000	3.0000	0.0000	3.0000
udelRunTFIDFQ-45	MB265	0.0000	8.0000	0.0000	8.0000
udelRunTFIDFQ-45	MB267	0.1311	4.0000	8.0000	4.0000
udelRunTFIDFQ-45	MB276	0.0000	4.0000	0.0000	4.0000
udelRunTFIDFQ-45	MB286	0.0000	1.0000	0.0000	1.0000
udelRunTFIDFQ-45	MB319	0.1429	2.0000	1.0000	2.0000
udelRunTFIDFQ-45	MB320	0.0000	1.0000	0.0000	1.0000
udelRunTFIDFQ-45	MB351	0.0000	5.0000	0.0000	5.0000
udelRunTFIDFQ-45	MB358	0.0000	3.0000	0.0000	3.0000
udelRunTFIDFQ-45	MB361	0.0000	2.0000	0.0000	2.0000
udelRunTFIDFQ-45	MB362	0.3500	2.0000	7.0000	2.0000
udelRunTFIDFQ-45	MB363	0.0645	16.0000	2.0000	16.0000
udelRunTFIDFQ-45	MB365	0.0000	1.0000	0.0000	1.0000
udelRunTFIDFQ-45	MB371	0.0476	4.0000	2.0000	4.0000
udelRunTFIDFQ-45	MB377	0.0000	6.0000	0.0000	6.0000
udelRunTFIDFQ-45	MB381	0.1429	3.0000	1.0000	3.0000
udelRunTFIDFQ-45	MB392	0.1000	2.0000	1.0000	2.0000
udelRunTFIDFQ-45	MB409	0.0769	3.0000	1.0000	3.0000
udelRunTFIDFQ-45	MB414	0.0435	8.0000	1.0000	8.0000
udelRunTFIDFQ-45	MB420	0.1111	16.0000	2.0000	16.0000
udelRunTFIDFQ-45	MB425	0.0000	2.0000	0.0000	2.0000
udelRunTFIDFQ-45	MB431	0.0000	5.0000	0.0000	5.0000
udelRunTFIDFQ-45	MB438	0.0000	9.0000	0.0000	9.0000
udelRunTFIDFQ-45	MB440	0.0857	36.0000	3.0000	36.0000
udelRunTFIDFQ-45	AVG	0.0800	12.4545	1.4727	12.4545
UDInfoDFP-47	RTS1	0.6000	12.0000	9.0000	12.0000
UDInfoDFP-47	RTS2	0.0000	98.0000	0.0000	98.0000
UDInfoDFP-47	RTS4	0.2857	71.0000	4.0000	71.0000
UDInfoDFP-47	RTS5	0.6667	65.0000	4.0000	65.0000
UDInfoDFP-47	RTS6	0.8125	54.0000	13.0000	54.0000
UDInfoDFP-47	RTS10	0.3906	0.0000	25.0000	0.0000
UDInfoDFP-47	RTS13	0.5217	33.0000	12.0000	33.0000
UDInfoDFP-47	RTS14	0.6667	22.0000	2.0000	22.0000
UDInfoDFP-47	RTS19	0.0000	71.0000	0.0000	71.0000
UDInfoDFP-47	RTS21	0.6667	48.0000	6.0000	48.0000
UDInfoDFP-47	RTS24	0.5714	77.0000	4.0000	77.0000
UDInfoDFP-47	RTS25	0.4762	57.0000	10.0000	57.0000
UDInfoDFP-47	RTS27	0.2308	95.0000	3.0000	95.0000
UDInfoDFP-47	RTS28	0.6667	42.0000	2.0000	42.0000
UDInfoDFP-47	RTS31	0.1875	93.0000	3.0000	93.0000
UDInfoDFP-47	RTS32	0.5000	58.0000	5.0000	58.0000
UDInfoDFP-47	RTS35	0.4444	47.0000	4.0000	47.0000
UDInfoDFP-47	RTS36	0.7500	49.0000	3.0000	49.0000
UDInfoDFP-47	RTS37	0.5714	52.0000	12.0000	52.0000
UDInfoDFP-47	RTS43	0.2963	70.0000	8.0000	70.0000
UDInfoDFP-47	MB226	0.5000	96.0000	1.0000	96.0000
UDInfoDFP-47	MB229	0.3056	56.0000	11.0000	56.0000
UDInfoDFP-47	MB230	0.0000	93.0000	0.0000	93.0000
UDInfoDFP-47	MB239	0.5000	88.0000	2.0000	88.0000
UDInfoDFP-47	MB254	0.0000	45.0000	0.0000	45.0000
UDInfoDFP-47	MB256	0.0667	31.0000	1.0000	31.0000
UDInfoDFP-47	MB258	0.5000	63.0000	4.0000	63.0000
UDInfoDFP-47	MB265	0.2500	69.0000	1.0000	69.0000
UDInfoDFP-47	MB267	0.3443	44.0000	21.0000	44.0000
UDInfoDFP-47	MB276	0.5714	79.0000	4.0000	79.0000
UDInfoDFP-47	MB286	0.0588	93.0000	1.0000	93.0000
UDInfoDFP-47	MB319	0.5714	32.0000	4.0000	32.0000
UDInfoDFP-47	MB320	0.7500	56.0000	9.0000	56.0000
UDInfoDFP-47	MB332	0.1667	91.0000	1.0000	91.0000
UDInfoDFP-47	MB351	0.1429	33.0000	1.0000	33.0000
UDInfoDFP-47	MB358	0.1429	85.0000	1.0000	85.0000
UDInfoDFP-47	MB361	0.7500	74.0000	3.0000	74.0000
UDInfoDFP-47	MB362	0.4000	11.0000	8.0000	11.0000
UDInfoDFP-47	MB363	0.2258	75.0000	7.0000	75.0000
UDInfoDFP-47	MB365	0.1667	89.0000	2.0000	89.0000
UDInfoDFP-47	MB371	0.5238	29.0000	22.0000	29.0000
UDInfoDFP-47	MB377	0.5714	51.0000	8.0000	51.0000
UDInfoDFP-47	MB381	0.2857	31.0000	2.0000	31.0000
UDInfoDFP-47	MB382	0.1250	77.0000	1.0000	77.0000
UDInfoDFP-47	MB391	0.1852	55.0000	5.0000	55.0000
UDInfoDFP-47	MB392	0.4000	92.0000	4.0000	92.0000
UDInfoDFP-47	MB409	0.6923	56.0000	9.0000	56.0000
UDInfoDFP-47	MB410	1.0000	85.0000	2.0000	85.0000
UDInfoDFP-47	MB414	0.5217	57.0000	12.0000	57.0000
UDInfoDFP-47	MB420	0.8889	22.0000	16.0000	22.0000
UDInfoDFP-47	MB425	0.6667	49.0000	2.0000	49.0000
UDInfoDFP-47	MB431	0.5000	67.0000	3.0000	67.0000
UDInfoDFP-47	MB436	0.7500	81.0000	6.0000	81.0000
UDInfoDFP-47	MB438	0.0000	73.0000	0.0000	73.0000
UDInfoDFP-47	MB440	0.3714	63.0000	13.0000	63.0000
UDInfoDFP-47	AVG	0.4218	60.0909	5.7455	60.0909
UDInfoSFP-46	RTS1	0.5333	8.0000	8.0000	8.0000
UDInfoSFP-46	RTS2	0.3333	97.0000	1.0000	97.0000
UDInfoSFP-46	RTS4	0.0714	71.0000	1.0000	71.0000
UDInfoSFP-46	RTS5	0.5000	45.0000	3.0000	45.0000
UDInfoSFP-46	RTS6	0.7500	69.0000	12.0000	69.0000
UDInfoSFP-46	RTS10	0.3906	2.0000	25.0000	2.0000
UDInfoSFP-46	RTS13	0.7391	28.0000	17.0000	28.0000
UDInfoSFP-46	RTS14	0.6667	21.0000	2.0000	21.0000
UDInfoSFP-46	RTS19	0.0000	75.0000	0.0000	75.0000
UDInfoSFP-46	RTS21	0.5556	54.0000	5.0000	54.0000
UDInfoSFP-46	RTS24	0.5714	73.0000	4.0000	73.0000
UDInfoSFP-46	RTS25	0.4286	55.0000	9.0000	55.0000
UDInfoSFP-46	RTS27	0.0769	96.0000	1.0000	96.0000
UDInfoSFP-46	RTS28	0.0000	37.0000	0.0000	37.0000
UDInfoSFP-46	RTS31	0.1875	93.0000	3.0000	93.0000
UDInfoSFP-46	RTS32	0.5000	82.0000	5.0000	82.0000
UDInfoSFP-46	RTS35	0.3333	61.0000	3.0000	61.0000
UDInfoSFP-46	RTS36	0.5000	46.0000	2.0000	46.0000
UDInfoSFP-46	RTS37	0.0476	97.0000	1.0000	97.0000
UDInfoSFP-46	RTS43	0.3333	64.0000	9.0000	64.0000
UDInfoSFP-46	MB226	0.5000	96.0000	1.0000	96.0000
UDInfoSFP-46	MB229	0.3056	56.0000	11.0000	56.0000
UDInfoSFP-46	MB230	0.0000	93.0000	0.0000	93.0000
UDInfoSFP-46	MB239	0.5000	88.0000	2.0000	88.0000
UDInfoSFP-46	MB254	0.0000	45.0000	0.0000	45.0000
UDInfoSFP-46	MB256	0.0667	31.0000	1.0000	31.0000
UDInfoSFP-46	MB258	0.5000	63.0000	4.0000	63.0000
UDInfoSFP-46	MB265	0.2500	69.0000	1.0000	69.0000
UDInfoSFP-46	MB267	0.3607	43.0000	22.0000	43.0000
UDInfoSFP-46	MB276	0.5714	79.0000	4.0000	79.0000
UDInfoSFP-46	MB286	0.0588	93.0000	1.0000	93.0000
UDInfoSFP-46	MB319	0.5714	32.0000	4.0000	32.0000
UDInfoSFP-46	MB320	0.7500	56.0000	9.0000	56.0000
UDInfoSFP-46	MB332	0.1667	91.0000	1.0000	91.0000
UDInfoSFP-46	MB351	0.1429	33.0000	1.0000	33.0000
UDInfoSFP-46	MB358	0.1429	85.0000	1.0000	85.0000
UDInfoSFP-46	MB361	0.7500	74.0000	3.0000	74.0000
UDInfoSFP-46	MB362	0.4000	11.0000	8.0000	11.0000
UDInfoSFP-46	MB363	0.2258	75.0000	7.0000	75.0000
UDInfoSFP-46	MB365	0.1667	89.0000	2.0000	89.0000
UDInfoSFP-46	MB371	0.5238	29.0000	22.0000	29.0000
UDInfoSFP-46	MB377	0.5714	51.0000	8.0000	51.0000
UDInfoSFP-46	MB381	0.2857	31.0000	2.0000	31.0000
UDInfoSFP-46	MB382	0.1250	77.0000	1.0000	77.0000
UDInfoSFP-46	MB391	0.2222	54.0000	6.0000	54.0000
UDInfoSFP-46	MB392	0.4000	92.0000	4.0000	92.0000
UDInfoSFP-46	MB409	0.6923	56.0000	9.0000	56.0000
UDInfoSFP-46	MB410	1.0000	85.0000	2.0000	85.0000
UDInfoSFP-46	MB414	0.5217	57.0000	12.0000	57.0000
UDInfoSFP-46	MB420	0.8889	22.0000	16.0000	22.0000
UDInfoSFP-46	MB425	0.6667	49.0000	2.0000	49.0000
UDInfoSFP-46	MB431	0.5000	67.0000	3.0000	67.0000
UDInfoSFP-46	MB436	0.7500	81.0000	6.0000	81.0000
UDInfoSFP-46	MB438	0.0000	73.0000	0.0000	73.0000
UDInfoSFP-46	MB440	0.3714	63.0000	13.0000	63.0000
UDInfoSFP-46	AVG	0.3903	61.1455	5.4545	61.1455
UDInfoSPP-48	RTS1	0.5333	7.0000	8.0000	7.0000
UDInfoSPP-48	RTS2	0.3333	63.0000	1.0000	63.0000
UDInfoSPP-48	RTS4	0.0714	66.0000	1.0000	66.0000
UDInfoSPP-48	RTS5	0.3333	27.0000	2.0000	27.0000
UDInfoSPP-48	RTS6	0.7500	39.0000	12.0000	39.0000
UDInfoSPP-48	RTS10	0.2500	0.0000	16.0000	0.0000
UDInfoSPP-48	RTS13	0.4348	8.0000	10.0000	8.0000
UDInfoSPP-48	RTS14	0.6667	21.0000	2.0000	21.0000
UDInfoSPP-48	RTS19	0.0000	44.0000	0.0000	44.0000
UDInfoSPP-48	RTS21	0.5556	46.0000	5.0000	46.0000
UDInfoSPP-48	RTS24	0.4286	61.0000	3.0000	61.0000
UDInfoSPP-48	RTS25	0.3333	27.0000	7.0000	27.0000
UDInfoSPP-48	RTS27	0.0769	75.0000	1.0000	75.0000
UDInfoSPP-48	RTS28	0.0000	22.0000	0.0000	22.0000
UDInfoSPP-48	RTS31	0.1875	86.0000	3.0000	86.0000
UDInfoSPP-48	RTS32	0.4000	60.0000	4.0000	60.0000
UDInfoSPP-48	RTS35	0.3333	29.0000	3.0000	29.0000
UDInfoSPP-48	RTS36	0.5000	37.0000	2.0000	37.0000
UDInfoSPP-48	RTS37	0.0476	97.0000	1.0000	97.0000
UDInfoSPP-48	RTS43	0.2222	52.0000	6.0000	52.0000
UDInfoSPP-48	MB226	0.5000	44.0000	1.0000	44.0000
UDInfoSPP-48	MB229	0.2500	18.0000	9.0000	18.0000
UDInfoSPP-48	MB230	0.0000	73.0000	0.0000	73.0000
UDInfoSPP-48	MB239	0.2500	52.0000	1.0000	52.0000
UDInfoSPP-48	MB254	0.0000	24.0000	0.0000	24.0000
UDInfoSPP-48	MB256	0.0667	30.0000	1.0000	30.0000
UDInfoSPP-48	MB258	0.5000	45.0000	4.0000	45.0000
UDInfoSPP-48	MB265	0.0000	59.0000	0.0000	59.0000
UDInfoSPP-48	MB267	0.2623	21.0000	16.0000	21.0000
UDInfoSPP-48	MB276	0.5714	64.0000	4.0000	64.0000
UDInfoSPP-48	MB286	0.0588	85.0000	1.0000	85.0000
UDInfoSPP-48	MB319	0.5714	18.0000	4.0000	18.0000
UDInfoSPP-48	MB320	0.5833	39.0000	7.0000	39.0000
UDInfoSPP-48	MB332	0.0000	47.0000	0.0000	47.0000
UDInfoSPP-48	MB351	0.1429	33.0000	1.0000	33.0000
UDInfoSPP-48	MB358	0.1429	71.0000	1.0000	71.0000
UDInfoSPP-48	MB361	0.7500	58.0000	3.0000	58.0000
UDInfoSPP-48	MB362	0.4000	6.0000	8.0000	6.0000
UDInfoSPP-48	MB363	0.1613	43.0000	5.0000	43.0000
UDInfoSPP-48	MB365	0.1667	76.0000	2.0000	76.0000
UDInfoSPP-48	MB371	0.5000	20.0000	21.0000	20.0000
UDInfoSPP-48	MB377	0.4286	41.0000	6.0000	41.0000
UDInfoSPP-48	MB381	0.2857	31.0000	2.0000	31.0000
UDInfoSPP-48	MB382	0.2500	60.0000	2.0000	60.0000
UDInfoSPP-48	MB391	0.2222	43.0000	6.0000	43.0000
UDInfoSPP-48	MB392	0.4000	92.0000	4.0000	92.0000
UDInfoSPP-48	MB409	0.6923	36.0000	9.0000	36.0000
UDInfoSPP-48	MB410	0.5000	63.0000	1.0000	63.0000
UDInfoSPP-48	MB414	0.5217	51.0000	12.0000	51.0000
UDInfoSPP-48	MB420	0.6667	18.0000	12.0000	18.0000
UDInfoSPP-48	MB425	0.6667	39.0000	2.0000	39.0000
UDInfoSPP-48	MB431	0.5000	51.0000	3.0000	51.0000
UDInfoSPP-48	MB436	0.3750	57.0000	3.0000	57.0000
UDInfoSPP-48	MB438	0.0000	53.0000	0.0000	53.0000
UDInfoSPP-48	MB440	0.3429	49.0000	12.0000	49.0000
UDInfoSPP-48	AVG	0.3307	45.0364	4.5455	45.0364
UmdHcilBaseline-49	RTS4	0.0000	0.0000	0.0000	0.0000
UmdHcilBaseline-49	RTS10	0.0156	0.0000	1.0000	0.0000
UmdHcilBaseline-49	RTS13	0.0000	0.0000	0.0000	0.0000
UmdHcilBaseline-49	RTS19	0.0000	10.0000	0.0000	10.0000
UmdHcilBaseline-49	RTS24	0.0000	0.0000	0.0000	0.0000
UmdHcilBaseline-49	RTS27	0.0000	4.0000	0.0000	4.0000
UmdHcilBaseline-49	RTS28	0.0000	15.0000	0.0000	15.0000
UmdHcilBaseline-49	RTS31	0.0625	10.0000	1.0000	10.0000
UmdHcilBaseline-49	RTS32	0.0000	0.0000	0.0000	0.0000
UmdHcilBaseline-49	RTS35	0.0000	2.0000	0.0000	2.0000
UmdHcilBaseline-49	RTS37	0.0000	5.0000	0.0000	5.0000
UmdHcilBaseline-49	RTS43	0.0000	3.0000	0.0000	3.0000
UmdHcilBaseline-49	MB226	0.0000	0.0000	0.0000	0.0000
UmdHcilBaseline-49	MB229	0.0000	0.0000	0.0000	0.0000
UmdHcilBaseline-49	MB230	0.0000	0.0000	0.0000	0.0000
UmdHcilBaseline-49	MB265	0.0000	0.0000	0.0000	0.0000
UmdHcilBaseline-49	MB286	0.0000	0.0000	0.0000	0.0000
UmdHcilBaseline-49	MB332	0.0000	9.0000	0.0000	9.0000
UmdHcilBaseline-49	MB361	0.0000	2.0000	0.0000	2.0000
UmdHcilBaseline-49	MB371	0.0000	0.0000	0.0000	0.0000
UmdHcilBaseline-49	MB410	0.0000	0.0000	0.0000	0.0000
UmdHcilBaseline-49	MB431	0.0000	0.0000	0.0000	0.0000
UmdHcilBaseline-49	AVG	0.0014	1.0909	0.0364	1.0909
WaterlooBaseline-50	RTS1	0.1333	3.0000	2.0000	3.0000
WaterlooBaseline-50	RTS4	0.0000	0.0000	0.0000	0.0000
WaterlooBaseline-50	RTS5	0.5000	62.0000	3.0000	62.0000
WaterlooBaseline-50	RTS6	0.1250	33.0000	2.0000	33.0000
WaterlooBaseline-50	RTS10	0.0938	0.0000	6.0000	0.0000
WaterlooBaseline-50	RTS13	0.1739	18.0000	4.0000	18.0000
WaterlooBaseline-50	RTS21	0.1111	3.0000	1.0000	3.0000
WaterlooBaseline-50	RTS24	0.5714	12.0000	4.0000	12.0000
WaterlooBaseline-50	RTS25	0.2857	18.0000	6.0000	18.0000
WaterlooBaseline-50	RTS28	0.3333	4.0000	1.0000	4.0000
WaterlooBaseline-50	RTS31	0.1250	96.0000	2.0000	96.0000
WaterlooBaseline-50	RTS32	0.0000	0.0000	0.0000	0.0000
WaterlooBaseline-50	RTS35	0.0000	0.0000	0.0000	0.0000
WaterlooBaseline-50	RTS36	0.2500	5.0000	1.0000	5.0000
WaterlooBaseline-50	RTS37	0.0000	46.0000	0.0000	46.0000
WaterlooBaseline-50	RTS43	0.2593	35.0000	7.0000	35.0000
WaterlooBaseline-50	MB226	0.0000	1.0000	0.0000	1.0000
WaterlooBaseline-50	MB229	0.0000	1.0000	0.0000	1.0000
WaterlooBaseline-50	MB230	0.0000	33.0000	0.0000	33.0000
WaterlooBaseline-50	MB254	0.0000	0.0000	0.0000	0.0000
WaterlooBaseline-50	MB256	0.0000	96.0000	0.0000	96.0000
WaterlooBaseline-50	MB258	0.1250	1.0000	1.0000	1.0000
WaterlooBaseline-50	MB286	0.0000	3.0000	0.0000	3.0000
WaterlooBaseline-50	MB319	0.0000	0.0000	0.0000	0.0000
WaterlooBaseline-50	MB361	0.0000	0.0000	0.0000	0.0000
WaterlooBaseline-50	MB362	0.4000	1.0000	8.0000	1.0000
WaterlooBaseline-50	MB363	0.0000	3.0000	0.0000	3.0000
WaterlooBaseline-50	MB381	0.1429	0.0000	1.0000	0.0000
WaterlooBaseline-50	MB382	0.0000	0.0000	0.0000	0.0000
WaterlooBaseline-50	MB392	0.1000	34.0000	1.0000	34.0000
WaterlooBaseline-50	MB410	0.0000	0.0000	0.0000	0.0000
WaterlooBaseline-50	MB414	0.0000	1.0000	0.0000	1.0000
WaterlooBaseline-50	MB431	0.0000	0.0000	0.0000	0.0000
WaterlooBaseline-50	MB440	0.0000	0.0000	0.0000	0.0000
WaterlooBaseline-50	AVG	0.0678	9.2545	0.9091	9.2545
WaterlooBaseline-51	RTS4	0.0000	1.0000	0.0000	1.0000
WaterlooBaseline-51	RTS5	0.3333	48.0000	2.0000	48.0000
WaterlooBaseline-51	RTS6	0.0000	3.0000	0.0000	3.0000
WaterlooBaseline-51	RTS10	0.0781	0.0000	5.0000	0.0000
WaterlooBaseline-51	RTS13	0.1739	16.0000	4.0000	16.0000
WaterlooBaseline-51	RTS19	0.0000	6.0000	0.0000	6.0000
WaterlooBaseline-51	RTS21	0.1111	3.0000	1.0000	3.0000
WaterlooBaseline-51	RTS24	0.5714	8.0000	4.0000	8.0000
WaterlooBaseline-51	RTS25	0.2857	16.0000	6.0000	16.0000
WaterlooBaseline-51	RTS27	0.0000	9.0000	0.0000	9.0000
WaterlooBaseline-51	RTS28	0.6667	3.0000	2.0000	3.0000
WaterlooBaseline-51	RTS31	0.0000	99.0000	0.0000	99.0000
WaterlooBaseline-51	RTS32	0.0000	0.0000	0.0000	0.0000
WaterlooBaseline-51	RTS35	0.0000	0.0000	0.0000	0.0000
WaterlooBaseline-51	RTS36	0.2500	2.0000	1.0000	2.0000
WaterlooBaseline-51	RTS37	0.0000	35.0000	0.0000	35.0000
WaterlooBaseline-51	RTS43	0.2593	28.0000	7.0000	28.0000
WaterlooBaseline-51	MB229	0.0000	1.0000	0.0000	1.0000
WaterlooBaseline-51	MB230	0.0000	14.0000	0.0000	14.0000
WaterlooBaseline-51	MB254	0.0000	0.0000	0.0000	0.0000
WaterlooBaseline-51	MB256	0.0000	97.0000	0.0000	97.0000
WaterlooBaseline-51	MB258	0.1250	0.0000	1.0000	0.0000
WaterlooBaseline-51	MB267	0.0000	0.0000	0.0000	0.0000
WaterlooBaseline-51	MB286	0.0000	3.0000	0.0000	3.0000
WaterlooBaseline-51	MB319	0.0000	0.0000	0.0000	0.0000
WaterlooBaseline-51	MB361	0.0000	0.0000	0.0000	0.0000
WaterlooBaseline-51	MB362	0.3000	1.0000	6.0000	1.0000
WaterlooBaseline-51	MB363	0.0000	2.0000	0.0000	2.0000
WaterlooBaseline-51	MB381	0.0000	0.0000	0.0000	0.0000
WaterlooBaseline-51	MB382	0.0000	1.0000	0.0000	1.0000
WaterlooBaseline-51	MB410	0.0000	0.0000	0.0000	0.0000
WaterlooBaseline-51	MB414	0.0000	0.0000	0.0000	0.0000
WaterlooBaseline-51	MB431	0.0000	0.0000	0.0000	0.0000
WaterlooBaseline-51	MB440	0.1429	88.0000	5.0000	88.0000
WaterlooBaseline-51	AVG	0.0600	8.8000	0.8000	8.8000
