CLIP-A-5.0-0.5	MB228	0.0000	11.0000	0.0000	11.0000
CLIP-A-5.0-0.5	MB236	0.4227	28.0000	41.0000	28.0000
CLIP-A-5.0-0.5	MB242	0.1918	85.0000	14.0000	85.0000
CLIP-A-5.0-0.5	MB243	0.2017	58.0000	24.0000	58.0000
CLIP-A-5.0-0.5	MB246	0.1462	68.0000	25.0000	68.0000
CLIP-A-5.0-0.5	MB253	0.0000	99.0000	0.0000	99.0000
CLIP-A-5.0-0.5	MB254	0.1250	23.0000	4.0000	23.0000
CLIP-A-5.0-0.5	MB255	0.3333	76.0000	5.0000	76.0000
CLIP-A-5.0-0.5	MB260	0.0000	99.0000	0.0000	99.0000
CLIP-A-5.0-0.5	MB262	0.4478	36.0000	30.0000	36.0000
CLIP-A-5.0-0.5	MB265	0.2414	23.0000	14.0000	23.0000
CLIP-A-5.0-0.5	MB267	0.1282	94.0000	5.0000	94.0000
CLIP-A-5.0-0.5	MB278	0.6286	31.0000	22.0000	31.0000
CLIP-A-5.0-0.5	MB284	0.4314	49.0000	22.0000	49.0000
CLIP-A-5.0-0.5	MB287	0.4225	6.0000	30.0000	6.0000
CLIP-A-5.0-0.5	MB298	0.0000	99.0000	0.0000	99.0000
CLIP-A-5.0-0.5	MB305	0.0000	99.0000	0.0000	99.0000
CLIP-A-5.0-0.5	MB324	0.0000	57.0000	0.0000	57.0000
CLIP-A-5.0-0.5	MB326	0.2500	25.0000	5.0000	25.0000
CLIP-A-5.0-0.5	MB331	0.3600	86.0000	9.0000	86.0000
CLIP-A-5.0-0.5	MB339	0.7000	12.0000	7.0000	12.0000
CLIP-A-5.0-0.5	MB344	0.1039	11.0000	85.0000	11.0000
CLIP-A-5.0-0.5	MB348	0.3784	72.0000	14.0000	72.0000
CLIP-A-5.0-0.5	MB353	0.1000	80.0000	1.0000	80.0000
CLIP-A-5.0-0.5	MB354	0.7778	50.0000	14.0000	50.0000
CLIP-A-5.0-0.5	MB357	0.4286	93.0000	3.0000	93.0000
CLIP-A-5.0-0.5	MB359	0.3750	89.0000	3.0000	89.0000
CLIP-A-5.0-0.5	MB362	0.0000	0.0000	0.0000	0.0000
CLIP-A-5.0-0.5	MB366	0.2680	72.0000	26.0000	72.0000
CLIP-A-5.0-0.5	MB371	0.3398	49.0000	35.0000	49.0000
CLIP-A-5.0-0.5	MB377	0.0833	88.0000	1.0000	88.0000
CLIP-A-5.0-0.5	MB379	0.1429	10.0000	4.0000	10.0000
CLIP-A-5.0-0.5	MB383	0.3125	94.0000	5.0000	94.0000
CLIP-A-5.0-0.5	MB384	0.5000	85.0000	7.0000	85.0000
CLIP-A-5.0-0.5	MB389	0.8235	18.0000	14.0000	18.0000
CLIP-A-5.0-0.5	MB391	0.0400	2.0000	3.0000	2.0000
CLIP-A-5.0-0.5	MB392	0.1176	95.0000	2.0000	95.0000
CLIP-A-5.0-0.5	MB400	0.0230	1.0000	2.0000	1.0000
CLIP-A-5.0-0.5	MB401	0.0965	7.0000	30.0000	7.0000
CLIP-A-5.0-0.5	MB405	0.0000	1.0000	0.0000	1.0000
CLIP-A-5.0-0.5	MB409	0.1111	33.0000	1.0000	33.0000
CLIP-A-5.0-0.5	MB416	0.2500	89.0000	2.0000	89.0000
CLIP-A-5.0-0.5	MB419	0.2321	71.0000	13.0000	71.0000
CLIP-A-5.0-0.5	MB432	0.2273	67.0000	10.0000	67.0000
CLIP-A-5.0-0.5	MB434	0.0326	90.0000	9.0000	90.0000
CLIP-A-5.0-0.5	MB439	0.2090	10.0000	14.0000	10.0000
CLIP-A-5.0-0.5	MB448	1.0000	27.0000	1.0000	27.0000
CLIP-A-5.0-0.5	AVG	0.2554	52.5106	11.8298	52.5106
CLIP-A-5.0-0.6	MB228	0.0000	12.0000	0.0000	12.0000
CLIP-A-5.0-0.6	MB236	0.4330	28.0000	42.0000	28.0000
CLIP-A-5.0-0.6	MB242	0.1918	83.0000	14.0000	83.0000
CLIP-A-5.0-0.6	MB243	0.2017	57.0000	24.0000	57.0000
CLIP-A-5.0-0.6	MB246	0.1579	63.0000	27.0000	63.0000
CLIP-A-5.0-0.6	MB253	0.0000	99.0000	0.0000	99.0000
CLIP-A-5.0-0.6	MB254	0.1250	23.0000	4.0000	23.0000
CLIP-A-5.0-0.6	MB255	0.4000	79.0000	6.0000	79.0000
CLIP-A-5.0-0.6	MB260	0.0000	99.0000	0.0000	99.0000
CLIP-A-5.0-0.6	MB262	0.4627	38.0000	31.0000	38.0000
CLIP-A-5.0-0.6	MB265	0.2414	24.0000	14.0000	24.0000
CLIP-A-5.0-0.6	MB267	0.1026	95.0000	4.0000	95.0000
CLIP-A-5.0-0.6	MB278	0.6286	34.0000	22.0000	34.0000
CLIP-A-5.0-0.6	MB284	0.3922	53.0000	20.0000	53.0000
CLIP-A-5.0-0.6	MB287	0.4366	7.0000	31.0000	7.0000
CLIP-A-5.0-0.6	MB298	0.0000	99.0000	0.0000	99.0000
CLIP-A-5.0-0.6	MB305	0.0000	99.0000	0.0000	99.0000
CLIP-A-5.0-0.6	MB324	0.0000	57.0000	0.0000	57.0000
CLIP-A-5.0-0.6	MB326	0.2500	33.0000	5.0000	33.0000
CLIP-A-5.0-0.6	MB331	0.4000	84.0000	10.0000	84.0000
CLIP-A-5.0-0.6	MB339	0.7000	11.0000	7.0000	11.0000
CLIP-A-5.0-0.6	MB344	0.1076	7.0000	88.0000	7.0000
CLIP-A-5.0-0.6	MB348	0.4054	71.0000	15.0000	71.0000
CLIP-A-5.0-0.6	MB353	0.1000	81.0000	1.0000	81.0000
CLIP-A-5.0-0.6	MB354	0.6111	60.0000	11.0000	60.0000
CLIP-A-5.0-0.6	MB357	0.4286	94.0000	3.0000	94.0000
CLIP-A-5.0-0.6	MB359	0.3750	96.0000	3.0000	96.0000
CLIP-A-5.0-0.6	MB362	0.0000	0.0000	0.0000	0.0000
CLIP-A-5.0-0.6	MB366	0.2577	72.0000	25.0000	72.0000
CLIP-A-5.0-0.6	MB371	0.3495	48.0000	36.0000	48.0000
CLIP-A-5.0-0.6	MB377	0.0833	89.0000	1.0000	89.0000
CLIP-A-5.0-0.6	MB379	0.1429	10.0000	4.0000	10.0000
CLIP-A-5.0-0.6	MB383	0.2500	95.0000	4.0000	95.0000
CLIP-A-5.0-0.6	MB384	0.5000	85.0000	7.0000	85.0000
CLIP-A-5.0-0.6	MB389	0.8235	18.0000	14.0000	18.0000
CLIP-A-5.0-0.6	MB391	0.0400	2.0000	3.0000	2.0000
CLIP-A-5.0-0.6	MB392	0.1176	95.0000	2.0000	95.0000
CLIP-A-5.0-0.6	MB400	0.0230	1.0000	2.0000	1.0000
CLIP-A-5.0-0.6	MB401	0.1158	7.0000	36.0000	7.0000
CLIP-A-5.0-0.6	MB405	0.0000	1.0000	0.0000	1.0000
CLIP-A-5.0-0.6	MB409	0.1111	36.0000	1.0000	36.0000
CLIP-A-5.0-0.6	MB416	0.3750	89.0000	3.0000	89.0000
CLIP-A-5.0-0.6	MB419	0.2143	69.0000	12.0000	69.0000
CLIP-A-5.0-0.6	MB432	0.2500	68.0000	11.0000	68.0000
CLIP-A-5.0-0.6	MB434	0.0326	90.0000	9.0000	90.0000
CLIP-A-5.0-0.6	MB439	0.2090	12.0000	14.0000	12.0000
CLIP-A-5.0-0.6	MB448	1.0000	28.0000	1.0000	28.0000
CLIP-A-5.0-0.6	AVG	0.2563	53.2128	12.0638	53.2128
CLIP-A-DYN-0.5	MB228	0.0000	11.0000	0.0000	11.0000
CLIP-A-DYN-0.5	MB236	0.4433	5.0000	43.0000	5.0000
CLIP-A-DYN-0.5	MB242	0.2055	83.0000	15.0000	83.0000
CLIP-A-DYN-0.5	MB243	0.2101	41.0000	25.0000	41.0000
CLIP-A-DYN-0.5	MB246	0.1754	32.0000	30.0000	32.0000
CLIP-A-DYN-0.5	MB253	0.0000	93.0000	0.0000	93.0000
CLIP-A-DYN-0.5	MB254	0.1250	23.0000	4.0000	23.0000
CLIP-A-DYN-0.5	MB255	0.3333	76.0000	5.0000	76.0000
CLIP-A-DYN-0.5	MB260	0.0000	96.0000	0.0000	96.0000
CLIP-A-DYN-0.5	MB262	0.4478	36.0000	30.0000	36.0000
CLIP-A-DYN-0.5	MB265	0.2414	23.0000	14.0000	23.0000
CLIP-A-DYN-0.5	MB267	0.3077	79.0000	12.0000	79.0000
CLIP-A-DYN-0.5	MB278	0.6286	31.0000	22.0000	31.0000
CLIP-A-DYN-0.5	MB284	0.4314	42.0000	22.0000	42.0000
CLIP-A-DYN-0.5	MB287	0.4225	6.0000	30.0000	6.0000
CLIP-A-DYN-0.5	MB298	1.0000	86.0000	8.0000	86.0000
CLIP-A-DYN-0.5	MB305	0.6667	79.0000	2.0000	79.0000
CLIP-A-DYN-0.5	MB324	0.0000	57.0000	0.0000	57.0000
CLIP-A-DYN-0.5	MB326	0.2500	25.0000	5.0000	25.0000
CLIP-A-DYN-0.5	MB331	0.4000	79.0000	10.0000	79.0000
CLIP-A-DYN-0.5	MB339	0.7000	12.0000	7.0000	12.0000
CLIP-A-DYN-0.5	MB344	0.0770	1.0000	63.0000	1.0000
CLIP-A-DYN-0.5	MB348	0.3784	72.0000	14.0000	72.0000
CLIP-A-DYN-0.5	MB353	0.1000	80.0000	1.0000	80.0000
CLIP-A-DYN-0.5	MB354	0.8889	17.0000	16.0000	17.0000
CLIP-A-DYN-0.5	MB357	0.2857	73.0000	2.0000	73.0000
CLIP-A-DYN-0.5	MB359	0.3750	76.0000	3.0000	76.0000
CLIP-A-DYN-0.5	MB362	0.0000	0.0000	0.0000	0.0000
CLIP-A-DYN-0.5	MB366	0.2680	69.0000	26.0000	69.0000
CLIP-A-DYN-0.5	MB371	0.3592	12.0000	37.0000	12.0000
CLIP-A-DYN-0.5	MB377	0.0833	88.0000	1.0000	88.0000
CLIP-A-DYN-0.5	MB379	0.1429	10.0000	4.0000	10.0000
CLIP-A-DYN-0.5	MB383	0.3750	91.0000	6.0000	91.0000
CLIP-A-DYN-0.5	MB384	0.5000	85.0000	7.0000	85.0000
CLIP-A-DYN-0.5	MB389	0.8235	18.0000	14.0000	18.0000
CLIP-A-DYN-0.5	MB391	0.0400	2.0000	3.0000	2.0000
CLIP-A-DYN-0.5	MB392	0.2353	89.0000	4.0000	89.0000
CLIP-A-DYN-0.5	MB400	0.0230	1.0000	2.0000	1.0000
CLIP-A-DYN-0.5	MB401	0.0965	7.0000	30.0000	7.0000
CLIP-A-DYN-0.5	MB405	0.0000	1.0000	0.0000	1.0000
CLIP-A-DYN-0.5	MB409	0.1111	33.0000	1.0000	33.0000
CLIP-A-DYN-0.5	MB416	0.3750	77.0000	3.0000	77.0000
CLIP-A-DYN-0.5	MB419	0.2321	71.0000	13.0000	71.0000
CLIP-A-DYN-0.5	MB432	0.2273	67.0000	10.0000	67.0000
CLIP-A-DYN-0.5	MB434	0.0399	84.0000	11.0000	84.0000
CLIP-A-DYN-0.5	MB439	0.2090	10.0000	14.0000	10.0000
CLIP-A-DYN-0.5	MB448	1.0000	27.0000	1.0000	27.0000
CLIP-A-DYN-0.5	AVG	0.3029	46.2979	12.1277	46.2979
ECNURUNA1	MB236	0.2062	4.0000	20.0000	4.0000
ECNURUNA1	MB246	0.1287	48.0000	22.0000	48.0000
ECNURUNA1	MB253	0.3333	62.0000	1.0000	62.0000
ECNURUNA1	MB255	0.0000	0.0000	0.0000	0.0000
ECNURUNA1	MB260	0.0000	32.0000	0.0000	32.0000
ECNURUNA1	MB262	0.1493	45.0000	10.0000	45.0000
ECNURUNA1	MB265	0.1897	77.0000	11.0000	77.0000
ECNURUNA1	MB278	0.5143	63.0000	18.0000	63.0000
ECNURUNA1	MB284	0.3922	46.0000	20.0000	46.0000
ECNURUNA1	MB287	0.6056	18.0000	43.0000	18.0000
ECNURUNA1	MB298	0.3750	15.0000	3.0000	15.0000
ECNURUNA1	MB305	0.6667	78.0000	2.0000	78.0000
ECNURUNA1	MB324	0.0000	10.0000	0.0000	10.0000
ECNURUNA1	MB326	0.3000	59.0000	6.0000	59.0000
ECNURUNA1	MB331	0.3200	84.0000	8.0000	84.0000
ECNURUNA1	MB339	0.5000	27.0000	5.0000	27.0000
ECNURUNA1	MB344	0.0856	10.0000	70.0000	10.0000
ECNURUNA1	MB348	0.0541	12.0000	2.0000	12.0000
ECNURUNA1	MB353	0.1000	9.0000	1.0000	9.0000
ECNURUNA1	MB359	0.0000	96.0000	0.0000	96.0000
ECNURUNA1	MB362	0.3636	24.0000	20.0000	24.0000
ECNURUNA1	MB366	0.1753	24.0000	17.0000	24.0000
ECNURUNA1	MB377	0.0833	13.0000	1.0000	13.0000
ECNURUNA1	MB379	0.1071	19.0000	3.0000	19.0000
ECNURUNA1	MB383	0.3125	82.0000	5.0000	82.0000
ECNURUNA1	MB384	0.0000	3.0000	0.0000	3.0000
ECNURUNA1	MB389	0.6471	87.0000	11.0000	87.0000
ECNURUNA1	MB392	0.2941	76.0000	5.0000	76.0000
ECNURUNA1	MB400	0.2644	75.0000	23.0000	75.0000
ECNURUNA1	MB401	0.0482	69.0000	15.0000	69.0000
ECNURUNA1	MB405	0.0000	11.0000	0.0000	11.0000
ECNURUNA1	MB409	0.0000	5.0000	0.0000	5.0000
ECNURUNA1	MB419	0.2679	19.0000	15.0000	19.0000
ECNURUNA1	MB432	0.3864	23.0000	17.0000	23.0000
ECNURUNA1	MB434	0.0290	57.0000	8.0000	57.0000
ECNURUNA1	MB439	0.2537	21.0000	17.0000	21.0000
ECNURUNA1	MB448	0.0000	9.0000	0.0000	9.0000
ECNURUNA1	AVG	0.1735	30.0426	8.4894	30.0426
ECNURUNA2	MB236	0.1959	4.0000	19.0000	4.0000
ECNURUNA2	MB246	0.1345	48.0000	23.0000	48.0000
ECNURUNA2	MB253	0.3333	61.0000	1.0000	61.0000
ECNURUNA2	MB255	0.0000	0.0000	0.0000	0.0000
ECNURUNA2	MB260	0.0000	16.0000	0.0000	16.0000
ECNURUNA2	MB262	0.1642	37.0000	11.0000	37.0000
ECNURUNA2	MB265	0.1552	61.0000	9.0000	61.0000
ECNURUNA2	MB278	0.5429	61.0000	19.0000	61.0000
ECNURUNA2	MB284	0.3529	47.0000	18.0000	47.0000
ECNURUNA2	MB287	0.5493	15.0000	39.0000	15.0000
ECNURUNA2	MB298	0.3750	15.0000	3.0000	15.0000
ECNURUNA2	MB305	0.6667	75.0000	2.0000	75.0000
ECNURUNA2	MB324	0.0000	6.0000	0.0000	6.0000
ECNURUNA2	MB326	0.3000	55.0000	6.0000	55.0000
ECNURUNA2	MB331	0.2800	76.0000	7.0000	76.0000
ECNURUNA2	MB339	0.1000	10.0000	1.0000	10.0000
ECNURUNA2	MB344	0.0917	10.0000	75.0000	10.0000
ECNURUNA2	MB348	0.0541	12.0000	2.0000	12.0000
ECNURUNA2	MB353	0.1000	7.0000	1.0000	7.0000
ECNURUNA2	MB359	0.0000	98.0000	0.0000	98.0000
ECNURUNA2	MB362	0.3455	24.0000	19.0000	24.0000
ECNURUNA2	MB366	0.1443	24.0000	14.0000	24.0000
ECNURUNA2	MB377	0.0833	13.0000	1.0000	13.0000
ECNURUNA2	MB379	0.1071	15.0000	3.0000	15.0000
ECNURUNA2	MB383	0.3125	82.0000	5.0000	82.0000
ECNURUNA2	MB384	0.0000	1.0000	0.0000	1.0000
ECNURUNA2	MB389	0.7647	80.0000	13.0000	80.0000
ECNURUNA2	MB392	0.2353	70.0000	4.0000	70.0000
ECNURUNA2	MB400	0.2759	74.0000	24.0000	74.0000
ECNURUNA2	MB401	0.0707	62.0000	22.0000	62.0000
ECNURUNA2	MB405	0.0000	9.0000	0.0000	9.0000
ECNURUNA2	MB409	0.0000	5.0000	0.0000	5.0000
ECNURUNA2	MB419	0.2679	19.0000	15.0000	19.0000
ECNURUNA2	MB432	0.3864	23.0000	17.0000	23.0000
ECNURUNA2	MB434	0.0362	60.0000	10.0000	60.0000
ECNURUNA2	MB439	0.2537	18.0000	17.0000	18.0000
ECNURUNA2	MB448	0.0000	8.0000	0.0000	8.0000
ECNURUNA2	AVG	0.1634	27.6809	8.5106	27.6809
ECNURUNA3	MB236	0.1443	4.0000	14.0000	4.0000
ECNURUNA3	MB246	0.1404	48.0000	24.0000	48.0000
ECNURUNA3	MB253	0.3333	56.0000	1.0000	56.0000
ECNURUNA3	MB260	0.0000	16.0000	0.0000	16.0000
ECNURUNA3	MB262	0.1642	26.0000	11.0000	26.0000
ECNURUNA3	MB265	0.1379	58.0000	8.0000	58.0000
ECNURUNA3	MB278	0.4571	62.0000	16.0000	62.0000
ECNURUNA3	MB284	0.3137	41.0000	16.0000	41.0000
ECNURUNA3	MB287	0.4507	6.0000	32.0000	6.0000
ECNURUNA3	MB298	0.3750	13.0000	3.0000	13.0000
ECNURUNA3	MB305	0.6667	72.0000	2.0000	72.0000
ECNURUNA3	MB324	0.0000	6.0000	0.0000	6.0000
ECNURUNA3	MB326	0.3500	50.0000	7.0000	50.0000
ECNURUNA3	MB331	0.3600	77.0000	9.0000	77.0000
ECNURUNA3	MB339	0.1000	10.0000	1.0000	10.0000
ECNURUNA3	MB344	0.0905	10.0000	74.0000	10.0000
ECNURUNA3	MB348	0.0541	11.0000	2.0000	11.0000
ECNURUNA3	MB353	0.1000	7.0000	1.0000	7.0000
ECNURUNA3	MB359	0.1250	97.0000	1.0000	97.0000
ECNURUNA3	MB362	0.3273	25.0000	18.0000	25.0000
ECNURUNA3	MB366	0.1443	22.0000	14.0000	22.0000
ECNURUNA3	MB377	0.0833	13.0000	1.0000	13.0000
ECNURUNA3	MB379	0.1071	16.0000	3.0000	16.0000
ECNURUNA3	MB383	0.3125	68.0000	5.0000	68.0000
ECNURUNA3	MB384	0.0000	1.0000	0.0000	1.0000
ECNURUNA3	MB389	0.8235	60.0000	14.0000	60.0000
ECNURUNA3	MB392	0.2353	61.0000	4.0000	61.0000
ECNURUNA3	MB400	0.2759	74.0000	24.0000	74.0000
ECNURUNA3	MB401	0.0643	67.0000	20.0000	67.0000
ECNURUNA3	MB405	0.0000	9.0000	0.0000	9.0000
ECNURUNA3	MB409	0.0000	3.0000	0.0000	3.0000
ECNURUNA3	MB419	0.2321	19.0000	13.0000	19.0000
ECNURUNA3	MB432	0.3409	20.0000	15.0000	20.0000
ECNURUNA3	MB434	0.0326	73.0000	9.0000	73.0000
ECNURUNA3	MB439	0.2537	16.0000	17.0000	16.0000
ECNURUNA3	MB448	0.0000	6.0000	0.0000	6.0000
ECNURUNA3	AVG	0.1616	26.0213	8.0638	26.0213
hpclab_pi_algA	MB228	0.0000	0.0000	0.0000	0.0000
hpclab_pi_algA	MB242	0.0000	1.0000	0.0000	1.0000
hpclab_pi_algA	MB243	0.0000	17.0000	0.0000	17.0000
hpclab_pi_algA	MB246	0.0000	39.0000	0.0000	39.0000
hpclab_pi_algA	MB253	0.0000	27.0000	0.0000	27.0000
hpclab_pi_algA	MB254	0.0000	7.0000	0.0000	7.0000
hpclab_pi_algA	MB255	0.0000	4.0000	0.0000	4.0000
hpclab_pi_algA	MB260	0.0000	48.0000	0.0000	48.0000
hpclab_pi_algA	MB267	0.0000	0.0000	0.0000	0.0000
hpclab_pi_algA	MB278	0.0000	1.0000	0.0000	1.0000
hpclab_pi_algA	MB284	0.0196	60.0000	1.0000	60.0000
hpclab_pi_algA	MB298	0.0000	24.0000	0.0000	24.0000
hpclab_pi_algA	MB326	0.0000	12.0000	0.0000	12.0000
hpclab_pi_algA	MB331	0.0000	28.0000	0.0000	28.0000
hpclab_pi_algA	MB344	0.0000	99.0000	0.0000	99.0000
hpclab_pi_algA	MB354	0.0000	46.0000	0.0000	46.0000
hpclab_pi_algA	MB359	0.0000	4.0000	0.0000	4.0000
hpclab_pi_algA	MB362	0.0000	1.0000	0.0000	1.0000
hpclab_pi_algA	MB366	0.0000	9.0000	0.0000	9.0000
hpclab_pi_algA	MB371	0.0000	99.0000	0.0000	99.0000
hpclab_pi_algA	MB383	0.0000	1.0000	0.0000	1.0000
hpclab_pi_algA	MB389	0.0000	15.0000	0.0000	15.0000
hpclab_pi_algA	MB392	0.0000	3.0000	0.0000	3.0000
hpclab_pi_algA	MB401	0.0000	32.0000	0.0000	32.0000
hpclab_pi_algA	MB405	0.0000	0.0000	0.0000	0.0000
hpclab_pi_algA	AVG	0.0004	12.2766	0.0213	12.2766
IRIT-KLTFIDF	MB228	0.0000	4.0000	0.0000	4.0000
IRIT-KLTFIDF	MB236	0.1546	2.0000	15.0000	2.0000
IRIT-KLTFIDF	MB242	0.0411	22.0000	3.0000	22.0000
IRIT-KLTFIDF	MB243	0.0420	6.0000	5.0000	6.0000
IRIT-KLTFIDF	MB246	0.1754	28.0000	30.0000	28.0000
IRIT-KLTFIDF	MB253	0.0000	2.0000	0.0000	2.0000
IRIT-KLTFIDF	MB260	0.0000	0.0000	0.0000	0.0000
IRIT-KLTFIDF	MB262	0.0896	0.0000	6.0000	0.0000
IRIT-KLTFIDF	MB267	0.0513	8.0000	2.0000	8.0000
IRIT-KLTFIDF	MB284	0.0000	2.0000	0.0000	2.0000
IRIT-KLTFIDF	MB287	0.0563	0.0000	4.0000	0.0000
IRIT-KLTFIDF	MB298	0.2500	7.0000	2.0000	7.0000
IRIT-KLTFIDF	MB305	0.6667	7.0000	2.0000	7.0000
IRIT-KLTFIDF	MB331	0.0400	19.0000	1.0000	19.0000
IRIT-KLTFIDF	MB339	0.0000	0.0000	0.0000	0.0000
IRIT-KLTFIDF	MB344	0.0929	5.0000	76.0000	5.0000
IRIT-KLTFIDF	MB348	0.0000	0.0000	0.0000	0.0000
IRIT-KLTFIDF	MB353	0.0000	0.0000	0.0000	0.0000
IRIT-KLTFIDF	MB354	0.2778	9.0000	5.0000	9.0000
IRIT-KLTFIDF	MB359	0.1250	34.0000	1.0000	34.0000
IRIT-KLTFIDF	MB366	0.0309	0.0000	3.0000	0.0000
IRIT-KLTFIDF	MB377	0.0833	4.0000	1.0000	4.0000
IRIT-KLTFIDF	MB383	0.0625	3.0000	1.0000	3.0000
IRIT-KLTFIDF	MB389	0.4118	6.0000	7.0000	6.0000
IRIT-KLTFIDF	MB400	0.0000	1.0000	0.0000	1.0000
IRIT-KLTFIDF	MB401	0.0482	4.0000	15.0000	4.0000
IRIT-KLTFIDF	MB432	0.0000	0.0000	0.0000	0.0000
IRIT-KLTFIDF	MB434	0.0036	6.0000	1.0000	6.0000
IRIT-KLTFIDF	MB439	0.0000	0.0000	0.0000	0.0000
IRIT-KLTFIDF	AVG	0.0575	3.8085	3.8298	3.8085
IRIT-RTNotif.33	MB228	0.0000	2.0000	0.0000	2.0000
IRIT-RTNotif.33	MB236	0.0309	0.0000	3.0000	0.0000
IRIT-RTNotif.33	MB242	0.1096	40.0000	8.0000	40.0000
IRIT-RTNotif.33	MB243	0.1176	9.0000	14.0000	9.0000
IRIT-RTNotif.33	MB246	0.0175	8.0000	3.0000	8.0000
IRIT-RTNotif.33	MB253	0.0000	0.0000	0.0000	0.0000
IRIT-RTNotif.33	MB254	0.0938	96.0000	3.0000	96.0000
IRIT-RTNotif.33	MB255	0.0000	19.0000	0.0000	19.0000
IRIT-RTNotif.33	MB260	0.0000	7.0000	0.0000	7.0000
IRIT-RTNotif.33	MB262	0.0448	0.0000	3.0000	0.0000
IRIT-RTNotif.33	MB265	0.1724	24.0000	10.0000	24.0000
IRIT-RTNotif.33	MB267	0.0256	1.0000	1.0000	1.0000
IRIT-RTNotif.33	MB278	0.0857	11.0000	3.0000	11.0000
IRIT-RTNotif.33	MB284	0.1569	23.0000	8.0000	23.0000
IRIT-RTNotif.33	MB287	0.1127	0.0000	8.0000	0.0000
IRIT-RTNotif.33	MB298	0.1250	6.0000	1.0000	6.0000
IRIT-RTNotif.33	MB305	0.0000	11.0000	0.0000	11.0000
IRIT-RTNotif.33	MB324	0.0000	10.0000	0.0000	10.0000
IRIT-RTNotif.33	MB326	0.2500	48.0000	5.0000	48.0000
IRIT-RTNotif.33	MB331	0.4400	57.0000	11.0000	57.0000
IRIT-RTNotif.33	MB339	0.3000	3.0000	3.0000	3.0000
IRIT-RTNotif.33	MB344	0.1039	4.0000	85.0000	4.0000
IRIT-RTNotif.33	MB353	0.0000	0.0000	0.0000	0.0000
IRIT-RTNotif.33	MB354	0.6111	22.0000	11.0000	22.0000
IRIT-RTNotif.33	MB357	0.0000	6.0000	0.0000	6.0000
IRIT-RTNotif.33	MB359	0.0000	99.0000	0.0000	99.0000
IRIT-RTNotif.33	MB362	0.2182	31.0000	12.0000	31.0000
IRIT-RTNotif.33	MB366	0.0928	10.0000	9.0000	10.0000
IRIT-RTNotif.33	MB371	0.1845	32.0000	19.0000	32.0000
IRIT-RTNotif.33	MB377	0.0000	1.0000	0.0000	1.0000
IRIT-RTNotif.33	MB379	0.0357	88.0000	1.0000	88.0000
IRIT-RTNotif.33	MB383	0.0000	8.0000	0.0000	8.0000
IRIT-RTNotif.33	MB389	0.1765	95.0000	3.0000	95.0000
IRIT-RTNotif.33	MB391	0.0267	0.0000	2.0000	0.0000
IRIT-RTNotif.33	MB392	0.0588	28.0000	1.0000	28.0000
IRIT-RTNotif.33	MB400	0.2414	9.0000	21.0000	9.0000
IRIT-RTNotif.33	MB401	0.0450	85.0000	14.0000	85.0000
IRIT-RTNotif.33	MB405	0.6000	46.0000	3.0000	46.0000
IRIT-RTNotif.33	MB409	0.2222	6.0000	2.0000	6.0000
IRIT-RTNotif.33	MB419	0.0357	1.0000	2.0000	1.0000
IRIT-RTNotif.33	MB432	0.0682	14.0000	3.0000	14.0000
IRIT-RTNotif.33	MB434	0.0072	4.0000	2.0000	4.0000
IRIT-RTNotif.33	MB439	0.1343	23.0000	9.0000	23.0000
IRIT-RTNotif.33	AVG	0.1052	21.0000	6.0213	21.0000
IritSigSDA	MB253	0.0000	63.0000	0.0000	63.0000
IritSigSDA	MB254	0.0312	88.0000	1.0000	88.0000
IritSigSDA	MB255	0.0000	3.0000	0.0000	3.0000
IritSigSDA	MB265	0.0690	13.0000	4.0000	13.0000
IritSigSDA	MB298	0.0000	0.0000	0.0000	0.0000
IritSigSDA	MB305	0.0000	3.0000	0.0000	3.0000
IritSigSDA	MB326	0.0000	10.0000	0.0000	10.0000
IritSigSDA	MB331	0.0000	3.0000	0.0000	3.0000
IritSigSDA	MB344	0.0000	0.0000	0.0000	0.0000
IritSigSDA	MB348	0.0000	0.0000	0.0000	0.0000
IritSigSDA	MB354	0.0000	58.0000	0.0000	58.0000
IritSigSDA	MB359	0.0000	60.0000	0.0000	60.0000
IritSigSDA	MB362	0.0364	4.0000	2.0000	4.0000
IritSigSDA	MB371	0.0194	0.0000	2.0000	0.0000
IritSigSDA	MB383	0.0000	19.0000	0.0000	19.0000
IritSigSDA	MB389	0.0000	4.0000	0.0000	4.0000
IritSigSDA	MB392	0.0000	3.0000	0.0000	3.0000
IritSigSDA	MB401	0.0257	90.0000	8.0000	90.0000
IritSigSDA	MB405	0.0000	0.0000	0.0000	0.0000
IritSigSDA	MB419	0.0000	1.0000	0.0000	1.0000
IritSigSDA	MB432	0.0000	22.0000	0.0000	22.0000
IritSigSDA	MB434	0.0000	38.0000	0.0000	38.0000
IritSigSDA	MB439	0.0000	2.0000	0.0000	2.0000
IritSigSDA	MB448	0.0000	2.0000	0.0000	2.0000
IritSigSDA	AVG	0.0039	10.3404	0.3617	10.3404
MPII_COMB_SORT	MB228	0.0000	99.0000	0.0000	99.0000
MPII_COMB_SORT	MB236	0.2577	54.0000	25.0000	54.0000
MPII_COMB_SORT	MB242	0.2192	76.0000	16.0000	76.0000
MPII_COMB_SORT	MB243	0.1513	75.0000	18.0000	75.0000
MPII_COMB_SORT	MB246	0.1696	65.0000	29.0000	65.0000
MPII_COMB_SORT	MB253	0.3333	98.0000	1.0000	98.0000
MPII_COMB_SORT	MB254	0.0625	97.0000	2.0000	97.0000
MPII_COMB_SORT	MB255	0.0667	91.0000	1.0000	91.0000
MPII_COMB_SORT	MB260	0.0000	99.0000	0.0000	99.0000
MPII_COMB_SORT	MB262	0.1493	89.0000	10.0000	89.0000
MPII_COMB_SORT	MB265	0.1207	92.0000	7.0000	92.0000
MPII_COMB_SORT	MB267	0.1538	89.0000	6.0000	89.0000
MPII_COMB_SORT	MB278	0.0857	95.0000	3.0000	95.0000
MPII_COMB_SORT	MB284	0.0784	95.0000	4.0000	95.0000
MPII_COMB_SORT	MB287	0.1549	88.0000	11.0000	88.0000
MPII_COMB_SORT	MB298	0.2500	92.0000	2.0000	92.0000
MPII_COMB_SORT	MB305	0.6667	97.0000	2.0000	97.0000
MPII_COMB_SORT	MB324	0.0000	99.0000	0.0000	99.0000
MPII_COMB_SORT	MB326	0.2000	95.0000	4.0000	95.0000
MPII_COMB_SORT	MB331	0.3200	82.0000	8.0000	82.0000
MPII_COMB_SORT	MB339	0.3000	96.0000	3.0000	96.0000
MPII_COMB_SORT	MB344	0.0929	0.0000	76.0000	0.0000
MPII_COMB_SORT	MB348	0.2432	83.0000	9.0000	83.0000
MPII_COMB_SORT	MB353	0.0000	91.0000	0.0000	91.0000
MPII_COMB_SORT	MB354	0.3889	90.0000	7.0000	90.0000
MPII_COMB_SORT	MB357	0.0000	99.0000	0.0000	99.0000
MPII_COMB_SORT	MB359	0.1250	92.0000	1.0000	92.0000
MPII_COMB_SORT	MB362	0.1455	90.0000	8.0000	90.0000
MPII_COMB_SORT	MB366	0.2474	74.0000	24.0000	74.0000
MPII_COMB_SORT	MB371	0.2233	71.0000	23.0000	71.0000
MPII_COMB_SORT	MB377	0.1667	96.0000	2.0000	96.0000
MPII_COMB_SORT	MB379	0.0714	97.0000	2.0000	97.0000
MPII_COMB_SORT	MB383	0.1250	97.0000	2.0000	97.0000
MPII_COMB_SORT	MB384	0.1429	95.0000	2.0000	95.0000
MPII_COMB_SORT	MB389	0.7059	62.0000	12.0000	62.0000
MPII_COMB_SORT	MB391	0.0267	97.0000	2.0000	97.0000
MPII_COMB_SORT	MB392	0.1765	96.0000	3.0000	96.0000
MPII_COMB_SORT	MB400	0.0805	92.0000	7.0000	92.0000
MPII_COMB_SORT	MB401	0.0772	70.0000	24.0000	70.0000
MPII_COMB_SORT	MB405	0.0000	99.0000	0.0000	99.0000
MPII_COMB_SORT	MB409	0.1111	98.0000	1.0000	98.0000
MPII_COMB_SORT	MB416	0.1250	98.0000	1.0000	98.0000
MPII_COMB_SORT	MB419	0.0536	96.0000	3.0000	96.0000
MPII_COMB_SORT	MB432	0.0682	96.0000	3.0000	96.0000
MPII_COMB_SORT	MB434	0.0290	91.0000	8.0000	91.0000
MPII_COMB_SORT	MB439	0.0149	98.0000	1.0000	98.0000
MPII_COMB_SORT	MB448	1.0000	87.0000	1.0000	87.0000
MPII_COMB_SORT	AVG	0.1741	87.6170	7.9574	87.6170
MPII_HYBRID_PW	MB228	0.0000	32.0000	0.0000	32.0000
MPII_HYBRID_PW	MB236	0.2062	18.0000	20.0000	18.0000
MPII_HYBRID_PW	MB242	0.1233	43.0000	9.0000	43.0000
MPII_HYBRID_PW	MB243	0.1092	25.0000	13.0000	25.0000
MPII_HYBRID_PW	MB246	0.1053	45.0000	18.0000	45.0000
MPII_HYBRID_PW	MB253	0.3333	48.0000	1.0000	48.0000
MPII_HYBRID_PW	MB254	0.0625	35.0000	2.0000	35.0000
MPII_HYBRID_PW	MB255	0.0667	26.0000	1.0000	26.0000
MPII_HYBRID_PW	MB260	0.0000	43.0000	0.0000	43.0000
MPII_HYBRID_PW	MB262	0.0746	12.0000	5.0000	12.0000
MPII_HYBRID_PW	MB265	0.0862	13.0000	5.0000	13.0000
MPII_HYBRID_PW	MB267	0.1026	49.0000	4.0000	49.0000
MPII_HYBRID_PW	MB278	0.0571	24.0000	2.0000	24.0000
MPII_HYBRID_PW	MB284	0.0588	19.0000	3.0000	19.0000
MPII_HYBRID_PW	MB287	0.1127	17.0000	8.0000	17.0000
MPII_HYBRID_PW	MB298	0.2500	40.0000	2.0000	40.0000
MPII_HYBRID_PW	MB305	0.3333	38.0000	1.0000	38.0000
MPII_HYBRID_PW	MB324	0.0000	16.0000	0.0000	16.0000
MPII_HYBRID_PW	MB326	0.0500	28.0000	1.0000	28.0000
MPII_HYBRID_PW	MB331	0.2000	39.0000	5.0000	39.0000
MPII_HYBRID_PW	MB339	0.3000	15.0000	3.0000	15.0000
MPII_HYBRID_PW	MB344	0.0513	0.0000	42.0000	0.0000
MPII_HYBRID_PW	MB348	0.1351	21.0000	5.0000	21.0000
MPII_HYBRID_PW	MB353	0.0000	25.0000	0.0000	25.0000
MPII_HYBRID_PW	MB354	0.2778	39.0000	5.0000	39.0000
MPII_HYBRID_PW	MB357	0.0000	23.0000	0.0000	23.0000
MPII_HYBRID_PW	MB359	0.1250	37.0000	1.0000	37.0000
MPII_HYBRID_PW	MB362	0.1273	26.0000	7.0000	26.0000
MPII_HYBRID_PW	MB366	0.2268	26.0000	22.0000	26.0000
MPII_HYBRID_PW	MB371	0.1068	5.0000	11.0000	5.0000
MPII_HYBRID_PW	MB377	0.0833	40.0000	1.0000	40.0000
MPII_HYBRID_PW	MB379	0.0357	28.0000	1.0000	28.0000
MPII_HYBRID_PW	MB383	0.0625	26.0000	1.0000	26.0000
MPII_HYBRID_PW	MB384	0.0714	38.0000	1.0000	38.0000
MPII_HYBRID_PW	MB389	0.5294	29.0000	9.0000	29.0000
MPII_HYBRID_PW	MB391	0.0133	16.0000	1.0000	16.0000
MPII_HYBRID_PW	MB392	0.1176	40.0000	2.0000	40.0000
MPII_HYBRID_PW	MB400	0.0805	17.0000	7.0000	17.0000
MPII_HYBRID_PW	MB401	0.0707	24.0000	22.0000	24.0000
MPII_HYBRID_PW	MB405	0.0000	22.0000	0.0000	22.0000
MPII_HYBRID_PW	MB409	0.0000	16.0000	0.0000	16.0000
MPII_HYBRID_PW	MB416	0.1250	27.0000	1.0000	27.0000
MPII_HYBRID_PW	MB419	0.0357	17.0000	2.0000	17.0000
MPII_HYBRID_PW	MB432	0.0227	21.0000	1.0000	21.0000
MPII_HYBRID_PW	MB434	0.0217	30.0000	6.0000	30.0000
MPII_HYBRID_PW	MB439	0.0149	24.0000	1.0000	24.0000
MPII_HYBRID_PW	MB448	1.0000	14.0000	1.0000	14.0000
MPII_HYBRID_PW	AVG	0.1270	26.7234	5.3830	26.7234
MPII_LUC_SORT	MB228	0.0000	99.0000	0.0000	99.0000
MPII_LUC_SORT	MB236	0.3505	39.0000	34.0000	39.0000
MPII_LUC_SORT	MB242	0.2466	67.0000	18.0000	67.0000
MPII_LUC_SORT	MB243	0.1849	65.0000	22.0000	65.0000
MPII_LUC_SORT	MB246	0.1696	65.0000	29.0000	65.0000
MPII_LUC_SORT	MB253	0.3333	98.0000	1.0000	98.0000
MPII_LUC_SORT	MB254	0.0625	93.0000	2.0000	93.0000
MPII_LUC_SORT	MB255	0.2000	80.0000	3.0000	80.0000
MPII_LUC_SORT	MB260	0.0000	89.0000	0.0000	89.0000
MPII_LUC_SORT	MB262	0.2836	65.0000	19.0000	65.0000
MPII_LUC_SORT	MB265	0.2414	68.0000	14.0000	68.0000
MPII_LUC_SORT	MB267	0.1538	83.0000	6.0000	83.0000
MPII_LUC_SORT	MB278	0.1429	87.0000	5.0000	87.0000
MPII_LUC_SORT	MB284	0.3529	65.0000	18.0000	65.0000
MPII_LUC_SORT	MB287	0.3239	74.0000	23.0000	74.0000
MPII_LUC_SORT	MB298	0.2500	83.0000	2.0000	83.0000
MPII_LUC_SORT	MB305	0.6667	87.0000	2.0000	87.0000
MPII_LUC_SORT	MB324	0.3333	83.0000	1.0000	83.0000
MPII_LUC_SORT	MB326	0.2500	91.0000	5.0000	91.0000
MPII_LUC_SORT	MB331	0.3600	83.0000	9.0000	83.0000
MPII_LUC_SORT	MB339	0.6000	84.0000	6.0000	84.0000
MPII_LUC_SORT	MB344	0.0868	0.0000	71.0000	0.0000
MPII_LUC_SORT	MB348	0.2432	57.0000	9.0000	57.0000
MPII_LUC_SORT	MB353	0.0000	83.0000	0.0000	83.0000
MPII_LUC_SORT	MB354	0.3889	83.0000	7.0000	83.0000
MPII_LUC_SORT	MB357	0.1429	98.0000	1.0000	98.0000
MPII_LUC_SORT	MB359	0.2500	87.0000	2.0000	87.0000
MPII_LUC_SORT	MB362	0.2727	83.0000	15.0000	83.0000
MPII_LUC_SORT	MB366	0.4124	55.0000	40.0000	55.0000
MPII_LUC_SORT	MB371	0.4078	36.0000	42.0000	36.0000
MPII_LUC_SORT	MB377	0.1667	96.0000	2.0000	96.0000
MPII_LUC_SORT	MB379	0.1429	85.0000	4.0000	85.0000
MPII_LUC_SORT	MB383	0.1250	82.0000	2.0000	82.0000
MPII_LUC_SORT	MB384	0.2857	95.0000	4.0000	95.0000
MPII_LUC_SORT	MB389	0.6471	49.0000	11.0000	49.0000
MPII_LUC_SORT	MB391	0.0400	81.0000	3.0000	81.0000
MPII_LUC_SORT	MB392	0.2941	90.0000	5.0000	90.0000
MPII_LUC_SORT	MB400	0.1609	75.0000	14.0000	75.0000
MPII_LUC_SORT	MB401	0.0932	44.0000	29.0000	44.0000
MPII_LUC_SORT	MB405	0.2000	84.0000	1.0000	84.0000
MPII_LUC_SORT	MB409	0.3333	83.0000	3.0000	83.0000
MPII_LUC_SORT	MB416	0.2500	87.0000	2.0000	87.0000
MPII_LUC_SORT	MB419	0.2321	71.0000	13.0000	71.0000
MPII_LUC_SORT	MB432	0.1818	76.0000	8.0000	76.0000
MPII_LUC_SORT	MB434	0.0471	71.0000	13.0000	71.0000
MPII_LUC_SORT	MB439	0.0597	85.0000	4.0000	85.0000
MPII_LUC_SORT	MB448	1.0000	69.0000	1.0000	69.0000
MPII_LUC_SORT	AVG	0.2547	75.5957	11.1702	75.5957
PKUICSTRunA1	MB228	0.0000	55.0000	0.0000	55.0000
PKUICSTRunA1	MB236	0.3608	4.0000	35.0000	4.0000
PKUICSTRunA1	MB242	0.0685	51.0000	5.0000	51.0000
PKUICSTRunA1	MB243	0.1933	25.0000	23.0000	25.0000
PKUICSTRunA1	MB246	0.0702	22.0000	12.0000	22.0000
PKUICSTRunA1	MB253	0.0000	89.0000	0.0000	89.0000
PKUICSTRunA1	MB254	0.0000	63.0000	0.0000	63.0000
PKUICSTRunA1	MB255	0.1333	59.0000	2.0000	59.0000
PKUICSTRunA1	MB260	0.0000	83.0000	0.0000	83.0000
PKUICSTRunA1	MB262	0.2836	36.0000	19.0000	36.0000
PKUICSTRunA1	MB265	0.0690	6.0000	4.0000	6.0000
PKUICSTRunA1	MB267	0.0769	39.0000	3.0000	39.0000
PKUICSTRunA1	MB278	0.4857	39.0000	17.0000	39.0000
PKUICSTRunA1	MB284	0.2157	37.0000	11.0000	37.0000
PKUICSTRunA1	MB287	0.2394	38.0000	17.0000	38.0000
PKUICSTRunA1	MB298	0.5000	46.0000	4.0000	46.0000
PKUICSTRunA1	MB305	0.6667	67.0000	2.0000	67.0000
PKUICSTRunA1	MB324	0.0000	90.0000	0.0000	90.0000
PKUICSTRunA1	MB326	0.3500	68.0000	7.0000	68.0000
PKUICSTRunA1	MB331	0.1600	37.0000	4.0000	37.0000
PKUICSTRunA1	MB339	0.1000	76.0000	1.0000	76.0000
PKUICSTRunA1	MB344	0.0134	0.0000	11.0000	0.0000
PKUICSTRunA1	MB348	0.3784	62.0000	14.0000	62.0000
PKUICSTRunA1	MB353	0.0000	80.0000	0.0000	80.0000
PKUICSTRunA1	MB354	0.1111	14.0000	2.0000	14.0000
PKUICSTRunA1	MB357	0.4286	65.0000	3.0000	65.0000
PKUICSTRunA1	MB359	0.0000	10.0000	0.0000	10.0000
PKUICSTRunA1	MB362	0.1455	64.0000	8.0000	64.0000
PKUICSTRunA1	MB366	0.2474	31.0000	24.0000	31.0000
PKUICSTRunA1	MB371	0.2427	15.0000	25.0000	15.0000
PKUICSTRunA1	MB377	0.2500	38.0000	3.0000	38.0000
PKUICSTRunA1	MB379	0.0714	87.0000	2.0000	87.0000
PKUICSTRunA1	MB383	0.1250	45.0000	2.0000	45.0000
PKUICSTRunA1	MB384	0.3571	77.0000	5.0000	77.0000
PKUICSTRunA1	MB389	0.2353	95.0000	4.0000	95.0000
PKUICSTRunA1	MB391	0.2400	24.0000	18.0000	24.0000
PKUICSTRunA1	MB392	0.1176	58.0000	2.0000	58.0000
PKUICSTRunA1	MB400	0.1034	14.0000	9.0000	14.0000
PKUICSTRunA1	MB401	0.0836	20.0000	26.0000	20.0000
PKUICSTRunA1	MB405	0.4000	83.0000	2.0000	83.0000
PKUICSTRunA1	MB409	0.6667	84.0000	6.0000	84.0000
PKUICSTRunA1	MB416	0.1250	67.0000	1.0000	67.0000
PKUICSTRunA1	MB419	0.2857	51.0000	16.0000	51.0000
PKUICSTRunA1	MB432	0.1136	80.0000	5.0000	80.0000
PKUICSTRunA1	MB434	0.0399	26.0000	11.0000	26.0000
PKUICSTRunA1	MB439	0.0597	89.0000	4.0000	89.0000
PKUICSTRunA1	MB448	1.0000	93.0000	1.0000	93.0000
PKUICSTRunA1	AVG	0.2088	51.1064	7.8723	51.1064
PKUICSTRunA2	MB228	0.0000	0.0000	0.0000	0.0000
PKUICSTRunA2	MB236	0.4330	8.0000	42.0000	8.0000
PKUICSTRunA2	MB242	0.0548	35.0000	4.0000	35.0000
PKUICSTRunA2	MB243	0.1176	3.0000	14.0000	3.0000
PKUICSTRunA2	MB246	0.0819	40.0000	14.0000	40.0000
PKUICSTRunA2	MB253	0.3333	37.0000	1.0000	37.0000
PKUICSTRunA2	MB254	0.0000	11.0000	0.0000	11.0000
PKUICSTRunA2	MB255	0.0000	1.0000	0.0000	1.0000
PKUICSTRunA2	MB260	0.0000	4.0000	0.0000	4.0000
PKUICSTRunA2	MB262	0.0896	0.0000	6.0000	0.0000
PKUICSTRunA2	MB267	0.0000	20.0000	0.0000	20.0000
PKUICSTRunA2	MB278	0.3143	17.0000	11.0000	17.0000
PKUICSTRunA2	MB284	0.2549	44.0000	13.0000	44.0000
PKUICSTRunA2	MB287	0.2817	2.0000	20.0000	2.0000
PKUICSTRunA2	MB298	0.2500	24.0000	2.0000	24.0000
PKUICSTRunA2	MB305	0.3333	35.0000	1.0000	35.0000
PKUICSTRunA2	MB324	0.0000	3.0000	0.0000	3.0000
PKUICSTRunA2	MB326	0.2500	11.0000	5.0000	11.0000
PKUICSTRunA2	MB331	0.4000	67.0000	10.0000	67.0000
PKUICSTRunA2	MB339	0.4000	4.0000	4.0000	4.0000
PKUICSTRunA2	MB344	0.0611	1.0000	50.0000	1.0000
PKUICSTRunA2	MB348	0.1081	13.0000	4.0000	13.0000
PKUICSTRunA2	MB353	0.0000	0.0000	0.0000	0.0000
PKUICSTRunA2	MB354	0.4444	38.0000	8.0000	38.0000
PKUICSTRunA2	MB357	0.0000	1.0000	0.0000	1.0000
PKUICSTRunA2	MB359	0.2500	71.0000	2.0000	71.0000
PKUICSTRunA2	MB362	0.2182	11.0000	12.0000	11.0000
PKUICSTRunA2	MB366	0.2577	37.0000	25.0000	37.0000
PKUICSTRunA2	MB371	0.3010	19.0000	31.0000	19.0000
PKUICSTRunA2	MB379	0.0357	0.0000	1.0000	0.0000
PKUICSTRunA2	MB383	0.0625	3.0000	1.0000	3.0000
PKUICSTRunA2	MB384	0.4286	79.0000	6.0000	79.0000
PKUICSTRunA2	MB389	0.8235	17.0000	14.0000	17.0000
PKUICSTRunA2	MB391	0.0533	2.0000	4.0000	2.0000
PKUICSTRunA2	MB392	0.0000	4.0000	0.0000	4.0000
PKUICSTRunA2	MB400	0.3563	44.0000	31.0000	44.0000
PKUICSTRunA2	MB401	0.0900	32.0000	28.0000	32.0000
PKUICSTRunA2	MB405	0.0000	0.0000	0.0000	0.0000
PKUICSTRunA2	MB409	0.1111	27.0000	1.0000	27.0000
PKUICSTRunA2	MB416	0.0000	1.0000	0.0000	1.0000
PKUICSTRunA2	MB419	0.1071	1.0000	6.0000	1.0000
PKUICSTRunA2	MB432	0.1591	5.0000	7.0000	5.0000
PKUICSTRunA2	MB434	0.1268	50.0000	35.0000	50.0000
PKUICSTRunA2	MB439	0.1493	9.0000	10.0000	9.0000
PKUICSTRunA2	MB448	1.0000	0.0000	1.0000	0.0000
PKUICSTRunA2	AVG	0.1859	17.6809	9.0213	17.6809
PKUICSTRunA3	MB228	0.0000	60.0000	0.0000	60.0000
PKUICSTRunA3	MB236	0.3918	6.0000	38.0000	6.0000
PKUICSTRunA3	MB242	0.0822	55.0000	6.0000	55.0000
PKUICSTRunA3	MB243	0.1849	28.0000	22.0000	28.0000
PKUICSTRunA3	MB246	0.0760	26.0000	13.0000	26.0000
PKUICSTRunA3	MB253	0.3333	93.0000	1.0000	93.0000
PKUICSTRunA3	MB254	0.0000	81.0000	0.0000	81.0000
PKUICSTRunA3	MB255	0.1333	65.0000	2.0000	65.0000
PKUICSTRunA3	MB260	0.0000	90.0000	0.0000	90.0000
PKUICSTRunA3	MB262	0.3433	38.0000	23.0000	38.0000
PKUICSTRunA3	MB265	0.0862	9.0000	5.0000	9.0000
PKUICSTRunA3	MB267	0.0769	40.0000	3.0000	40.0000
PKUICSTRunA3	MB278	0.4857	45.0000	17.0000	45.0000
PKUICSTRunA3	MB284	0.2941	44.0000	15.0000	44.0000
PKUICSTRunA3	MB287	0.3239	41.0000	23.0000	41.0000
PKUICSTRunA3	MB298	0.6250	59.0000	5.0000	59.0000
PKUICSTRunA3	MB305	0.6667	72.0000	2.0000	72.0000
PKUICSTRunA3	MB324	0.0000	90.0000	0.0000	90.0000
PKUICSTRunA3	MB326	0.3000	74.0000	6.0000	74.0000
PKUICSTRunA3	MB331	0.2000	47.0000	5.0000	47.0000
PKUICSTRunA3	MB339	0.1000	79.0000	1.0000	79.0000
PKUICSTRunA3	MB344	0.0159	0.0000	13.0000	0.0000
PKUICSTRunA3	MB348	0.3514	67.0000	13.0000	67.0000
PKUICSTRunA3	MB353	0.1000	89.0000	1.0000	89.0000
PKUICSTRunA3	MB354	0.2222	30.0000	4.0000	30.0000
PKUICSTRunA3	MB357	0.4286	75.0000	3.0000	75.0000
PKUICSTRunA3	MB359	0.0000	25.0000	0.0000	25.0000
PKUICSTRunA3	MB362	0.2182	61.0000	12.0000	61.0000
PKUICSTRunA3	MB366	0.2680	34.0000	26.0000	34.0000
PKUICSTRunA3	MB371	0.3301	14.0000	34.0000	14.0000
PKUICSTRunA3	MB377	0.2500	40.0000	3.0000	40.0000
PKUICSTRunA3	MB379	0.0714	88.0000	2.0000	88.0000
PKUICSTRunA3	MB383	0.1250	59.0000	2.0000	59.0000
PKUICSTRunA3	MB384	0.3571	79.0000	5.0000	79.0000
PKUICSTRunA3	MB389	0.0588	98.0000	1.0000	98.0000
PKUICSTRunA3	MB391	0.2533	42.0000	19.0000	42.0000
PKUICSTRunA3	MB392	0.1176	62.0000	2.0000	62.0000
PKUICSTRunA3	MB400	0.1034	18.0000	9.0000	18.0000
PKUICSTRunA3	MB401	0.1286	34.0000	40.0000	34.0000
PKUICSTRunA3	MB405	0.4000	84.0000	2.0000	84.0000
PKUICSTRunA3	MB409	0.5556	87.0000	5.0000	87.0000
PKUICSTRunA3	MB416	0.2500	70.0000	2.0000	70.0000
PKUICSTRunA3	MB419	0.3393	53.0000	19.0000	53.0000
PKUICSTRunA3	MB432	0.1136	80.0000	5.0000	80.0000
PKUICSTRunA3	MB434	0.0543	36.0000	15.0000	36.0000
PKUICSTRunA3	MB439	0.0597	90.0000	4.0000	90.0000
PKUICSTRunA3	MB448	1.0000	97.0000	1.0000	97.0000
PKUICSTRunA3	AVG	0.2314	56.4681	9.1277	56.4681
prnaTaskA1	MB236	0.0103	0.0000	1.0000	0.0000
prnaTaskA1	MB242	0.0822	8.0000	6.0000	8.0000
prnaTaskA1	MB243	0.0252	3.0000	3.0000	3.0000
prnaTaskA1	MB246	0.1520	30.0000	26.0000	30.0000
prnaTaskA1	MB253	0.3333	75.0000	1.0000	75.0000
prnaTaskA1	MB254	0.0000	2.0000	0.0000	2.0000
prnaTaskA1	MB260	0.0000	12.0000	0.0000	12.0000
prnaTaskA1	MB262	0.0746	4.0000	5.0000	4.0000
prnaTaskA1	MB265	0.0172	0.0000	1.0000	0.0000
prnaTaskA1	MB267	0.0513	11.0000	2.0000	11.0000
prnaTaskA1	MB278	0.2000	3.0000	7.0000	3.0000
prnaTaskA1	MB284	0.0196	2.0000	1.0000	2.0000
prnaTaskA1	MB287	0.0423	0.0000	3.0000	0.0000
prnaTaskA1	MB298	0.2500	1.0000	2.0000	1.0000
prnaTaskA1	MB305	0.6667	22.0000	2.0000	22.0000
prnaTaskA1	MB331	0.4800	56.0000	12.0000	56.0000
prnaTaskA1	MB339	0.0000	1.0000	0.0000	1.0000
prnaTaskA1	MB344	0.0929	0.0000	76.0000	0.0000
prnaTaskA1	MB353	0.0000	2.0000	0.0000	2.0000
prnaTaskA1	MB354	0.1667	3.0000	3.0000	3.0000
prnaTaskA1	MB359	0.0000	75.0000	0.0000	75.0000
prnaTaskA1	MB362	0.0000	0.0000	0.0000	0.0000
prnaTaskA1	MB366	0.0103	0.0000	1.0000	0.0000
prnaTaskA1	MB377	0.0000	0.0000	0.0000	0.0000
prnaTaskA1	MB401	0.0064	1.0000	2.0000	1.0000
prnaTaskA1	MB409	0.0000	5.0000	0.0000	5.0000
prnaTaskA1	MB416	0.0000	5.0000	0.0000	5.0000
prnaTaskA1	MB419	0.0893	3.0000	5.0000	3.0000
prnaTaskA1	MB432	0.0000	0.0000	0.0000	0.0000
prnaTaskA1	MB439	0.0000	1.0000	0.0000	1.0000
prnaTaskA1	AVG	0.0589	6.9149	3.3830	6.9149
prnaTaskA2	MB236	0.0000	0.0000	0.0000	0.0000
prnaTaskA2	MB242	0.0548	3.0000	4.0000	3.0000
prnaTaskA2	MB243	0.0168	1.0000	2.0000	1.0000
prnaTaskA2	MB246	0.1228	22.0000	21.0000	22.0000
prnaTaskA2	MB253	0.3333	34.0000	1.0000	34.0000
prnaTaskA2	MB254	0.0000	0.0000	0.0000	0.0000
prnaTaskA2	MB260	0.0000	4.0000	0.0000	4.0000
prnaTaskA2	MB262	0.0746	3.0000	5.0000	3.0000
prnaTaskA2	MB267	0.0000	6.0000	0.0000	6.0000
prnaTaskA2	MB278	0.1714	3.0000	6.0000	3.0000
prnaTaskA2	MB284	0.0196	0.0000	1.0000	0.0000
prnaTaskA2	MB287	0.0423	0.0000	3.0000	0.0000
prnaTaskA2	MB298	0.0000	0.0000	0.0000	0.0000
prnaTaskA2	MB305	0.6667	17.0000	2.0000	17.0000
prnaTaskA2	MB331	0.0400	9.0000	1.0000	9.0000
prnaTaskA2	MB339	0.0000	1.0000	0.0000	1.0000
prnaTaskA2	MB344	0.0807	0.0000	66.0000	0.0000
prnaTaskA2	MB353	0.0000	1.0000	0.0000	1.0000
prnaTaskA2	MB354	0.1111	2.0000	2.0000	2.0000
prnaTaskA2	MB359	0.1250	62.0000	1.0000	62.0000
prnaTaskA2	MB366	0.0103	0.0000	1.0000	0.0000
prnaTaskA2	MB377	0.0000	0.0000	0.0000	0.0000
prnaTaskA2	MB401	0.0064	1.0000	2.0000	1.0000
prnaTaskA2	MB409	0.0000	0.0000	0.0000	0.0000
prnaTaskA2	MB416	0.0000	2.0000	0.0000	2.0000
prnaTaskA2	MB419	0.0536	2.0000	3.0000	2.0000
prnaTaskA2	MB432	0.0000	0.0000	0.0000	0.0000
prnaTaskA2	MB439	0.0000	0.0000	0.0000	0.0000
prnaTaskA2	AVG	0.0411	3.6809	2.5745	3.6809
prnaTaskA3	MB236	0.0000	0.0000	0.0000	0.0000
prnaTaskA3	MB242	0.0274	2.0000	2.0000	2.0000
prnaTaskA3	MB243	0.0084	0.0000	1.0000	0.0000
prnaTaskA3	MB246	0.1228	15.0000	21.0000	15.0000
prnaTaskA3	MB253	0.3333	31.0000	1.0000	31.0000
prnaTaskA3	MB254	0.0000	0.0000	0.0000	0.0000
prnaTaskA3	MB260	0.0000	2.0000	0.0000	2.0000
prnaTaskA3	MB262	0.0448	1.0000	3.0000	1.0000
prnaTaskA3	MB267	0.0000	6.0000	0.0000	6.0000
prnaTaskA3	MB278	0.0857	2.0000	3.0000	2.0000
prnaTaskA3	MB284	0.0000	0.0000	0.0000	0.0000
prnaTaskA3	MB287	0.0141	0.0000	1.0000	0.0000
prnaTaskA3	MB298	0.0000	0.0000	0.0000	0.0000
prnaTaskA3	MB305	0.3333	10.0000	1.0000	10.0000
prnaTaskA3	MB331	0.0000	8.0000	0.0000	8.0000
prnaTaskA3	MB339	0.0000	1.0000	0.0000	1.0000
prnaTaskA3	MB344	0.0648	0.0000	53.0000	0.0000
prnaTaskA3	MB353	0.0000	0.0000	0.0000	0.0000
prnaTaskA3	MB354	0.0556	2.0000	1.0000	2.0000
prnaTaskA3	MB359	0.1250	65.0000	1.0000	65.0000
prnaTaskA3	MB366	0.0103	0.0000	1.0000	0.0000
prnaTaskA3	MB377	0.0000	0.0000	0.0000	0.0000
prnaTaskA3	MB400	0.0000	0.0000	0.0000	0.0000
prnaTaskA3	MB401	0.0032	1.0000	1.0000	1.0000
prnaTaskA3	MB409	0.0000	0.0000	0.0000	0.0000
prnaTaskA3	MB419	0.0179	0.0000	1.0000	0.0000
prnaTaskA3	MB432	0.0000	0.0000	0.0000	0.0000
prnaTaskA3	MB439	0.0000	0.0000	0.0000	0.0000
prnaTaskA3	AVG	0.0265	3.1064	1.9362	3.1064
QUBaseline	MB236	0.0000	0.0000	0.0000	0.0000
QUBaseline	MB242	0.0000	3.0000	0.0000	3.0000
QUBaseline	MB243	0.0084	1.0000	1.0000	1.0000
QUBaseline	MB246	0.0058	5.0000	1.0000	5.0000
QUBaseline	MB253	0.0000	0.0000	0.0000	0.0000
QUBaseline	MB254	0.0000	89.0000	0.0000	89.0000
QUBaseline	MB255	0.0000	0.0000	0.0000	0.0000
QUBaseline	MB260	0.0000	1.0000	0.0000	1.0000
QUBaseline	MB262	0.1493	2.0000	10.0000	2.0000
QUBaseline	MB265	0.0000	0.0000	0.0000	0.0000
QUBaseline	MB267	0.0000	1.0000	0.0000	1.0000
QUBaseline	MB278	0.0571	8.0000	2.0000	8.0000
QUBaseline	MB284	0.0196	4.0000	1.0000	4.0000
QUBaseline	MB287	0.1690	4.0000	12.0000	4.0000
QUBaseline	MB298	0.1250	1.0000	1.0000	1.0000
QUBaseline	MB305	0.0000	3.0000	0.0000	3.0000
QUBaseline	MB324	0.0000	0.0000	0.0000	0.0000
QUBaseline	MB326	0.1000	9.0000	2.0000	9.0000
QUBaseline	MB331	0.2000	70.0000	5.0000	70.0000
QUBaseline	MB339	0.2000	4.0000	2.0000	4.0000
QUBaseline	MB344	0.0049	2.0000	4.0000	2.0000
QUBaseline	MB348	0.0000	0.0000	0.0000	0.0000
QUBaseline	MB353	0.0000	0.0000	0.0000	0.0000
QUBaseline	MB354	0.1667	97.0000	3.0000	97.0000
QUBaseline	MB359	0.0000	95.0000	0.0000	95.0000
QUBaseline	MB362	0.2727	19.0000	15.0000	19.0000
QUBaseline	MB366	0.0619	9.0000	6.0000	9.0000
QUBaseline	MB371	0.1650	31.0000	17.0000	31.0000
QUBaseline	MB377	0.0000	3.0000	0.0000	3.0000
QUBaseline	MB379	0.0000	5.0000	0.0000	5.0000
QUBaseline	MB383	0.0000	1.0000	0.0000	1.0000
QUBaseline	MB389	0.0588	14.0000	1.0000	14.0000
QUBaseline	MB391	0.0000	2.0000	0.0000	2.0000
QUBaseline	MB392	0.0000	16.0000	0.0000	16.0000
QUBaseline	MB400	0.0230	1.0000	2.0000	1.0000
QUBaseline	MB401	0.0354	81.0000	11.0000	81.0000
QUBaseline	MB405	0.0000	0.0000	0.0000	0.0000
QUBaseline	MB409	0.0000	0.0000	0.0000	0.0000
QUBaseline	MB419	0.0357	1.0000	2.0000	1.0000
QUBaseline	MB432	0.2273	10.0000	10.0000	10.0000
QUBaseline	MB434	0.0000	6.0000	0.0000	6.0000
QUBaseline	MB439	0.0746	11.0000	5.0000	11.0000
QUBaseline	AVG	0.0460	12.9574	2.4043	12.9574
QUDynExp	MB236	0.0309	1.0000	3.0000	1.0000
QUDynExp	MB242	0.0685	51.0000	5.0000	51.0000
QUDynExp	MB243	0.0000	9.0000	0.0000	9.0000
QUDynExp	MB246	0.0526	26.0000	9.0000	26.0000
QUDynExp	MB253	0.0000	46.0000	0.0000	46.0000
QUDynExp	MB254	0.0000	38.0000	0.0000	38.0000
QUDynExp	MB255	0.0000	78.0000	0.0000	78.0000
QUDynExp	MB260	0.0000	11.0000	0.0000	11.0000
QUDynExp	MB262	0.0896	87.0000	6.0000	87.0000
QUDynExp	MB265	0.0172	31.0000	1.0000	31.0000
QUDynExp	MB267	0.0000	3.0000	0.0000	3.0000
QUDynExp	MB278	0.3429	44.0000	12.0000	44.0000
QUDynExp	MB284	0.0588	88.0000	3.0000	88.0000
QUDynExp	MB287	0.2113	38.0000	15.0000	38.0000
QUDynExp	MB298	0.1250	17.0000	1.0000	17.0000
QUDynExp	MB305	0.0000	42.0000	0.0000	42.0000
QUDynExp	MB324	0.0000	1.0000	0.0000	1.0000
QUDynExp	MB326	0.1500	78.0000	3.0000	78.0000
QUDynExp	MB331	0.2400	80.0000	6.0000	80.0000
QUDynExp	MB339	0.4000	6.0000	4.0000	6.0000
QUDynExp	MB344	0.0086	4.0000	7.0000	4.0000
QUDynExp	MB348	0.0541	17.0000	2.0000	17.0000
QUDynExp	MB353	0.0000	3.0000	0.0000	3.0000
QUDynExp	MB354	0.3333	93.0000	6.0000	93.0000
QUDynExp	MB357	0.0000	1.0000	0.0000	1.0000
QUDynExp	MB359	0.0000	94.0000	0.0000	94.0000
QUDynExp	MB362	0.3818	26.0000	21.0000	26.0000
QUDynExp	MB366	0.0722	62.0000	7.0000	62.0000
QUDynExp	MB371	0.0485	87.0000	5.0000	87.0000
QUDynExp	MB377	0.0000	39.0000	0.0000	39.0000
QUDynExp	MB379	0.0000	20.0000	0.0000	20.0000
QUDynExp	MB383	0.0625	18.0000	1.0000	18.0000
QUDynExp	MB384	0.0000	4.0000	0.0000	4.0000
QUDynExp	MB389	0.2941	61.0000	5.0000	61.0000
QUDynExp	MB391	0.0000	3.0000	0.0000	3.0000
QUDynExp	MB392	0.0000	80.0000	0.0000	80.0000
QUDynExp	MB400	0.0805	3.0000	7.0000	3.0000
QUDynExp	MB401	0.0096	58.0000	3.0000	58.0000
QUDynExp	MB405	0.2000	7.0000	1.0000	7.0000
QUDynExp	MB409	0.0000	4.0000	0.0000	4.0000
QUDynExp	MB419	0.0536	3.0000	3.0000	3.0000
QUDynExp	MB432	0.2955	26.0000	13.0000	26.0000
QUDynExp	MB434	0.0109	14.0000	3.0000	14.0000
QUDynExp	MB439	0.1194	47.0000	8.0000	47.0000
QUDynExp	AVG	0.0811	32.9574	3.4043	32.9574
QUDyn	MB236	0.0309	6.0000	3.0000	6.0000
QUDyn	MB242	0.2192	37.0000	16.0000	37.0000
QUDyn	MB243	0.0084	17.0000	1.0000	17.0000
QUDyn	MB246	0.0585	55.0000	10.0000	55.0000
QUDyn	MB253	0.0000	49.0000	0.0000	49.0000
QUDyn	MB254	0.0000	49.0000	0.0000	49.0000
QUDyn	MB255	0.0000	78.0000	0.0000	78.0000
QUDyn	MB260	0.0000	13.0000	0.0000	13.0000
QUDyn	MB262	0.1045	86.0000	7.0000	86.0000
QUDyn	MB265	0.0000	74.0000	0.0000	74.0000
QUDyn	MB267	0.0000	5.0000	0.0000	5.0000
QUDyn	MB278	0.3429	37.0000	12.0000	37.0000
QUDyn	MB284	0.0392	86.0000	2.0000	86.0000
QUDyn	MB287	0.2394	33.0000	17.0000	33.0000
QUDyn	MB298	0.1250	18.0000	1.0000	18.0000
QUDyn	MB305	0.3333	43.0000	1.0000	43.0000
QUDyn	MB324	0.0000	4.0000	0.0000	4.0000
QUDyn	MB326	0.1500	47.0000	3.0000	47.0000
QUDyn	MB331	0.3200	83.0000	8.0000	83.0000
QUDyn	MB339	0.5000	6.0000	5.0000	6.0000
QUDyn	MB344	0.0257	27.0000	21.0000	27.0000
QUDyn	MB348	0.0270	21.0000	1.0000	21.0000
QUDyn	MB353	0.0000	4.0000	0.0000	4.0000
QUDyn	MB354	0.2778	92.0000	5.0000	92.0000
QUDyn	MB357	0.0000	1.0000	0.0000	1.0000
QUDyn	MB359	0.0000	96.0000	0.0000	96.0000
QUDyn	MB362	0.4000	29.0000	22.0000	29.0000
QUDyn	MB366	0.1443	20.0000	14.0000	20.0000
QUDyn	MB371	0.1748	61.0000	18.0000	61.0000
QUDyn	MB377	0.0000	24.0000	0.0000	24.0000
QUDyn	MB379	0.0000	23.0000	0.0000	23.0000
QUDyn	MB383	0.0625	29.0000	1.0000	29.0000
QUDyn	MB384	0.0000	5.0000	0.0000	5.0000
QUDyn	MB389	0.3529	65.0000	6.0000	65.0000
QUDyn	MB391	0.0000	3.0000	0.0000	3.0000
QUDyn	MB392	0.0000	49.0000	0.0000	49.0000
QUDyn	MB400	0.1264	6.0000	11.0000	6.0000
QUDyn	MB401	0.0096	64.0000	3.0000	64.0000
QUDyn	MB405	0.2000	8.0000	1.0000	8.0000
QUDyn	MB409	0.0000	6.0000	0.0000	6.0000
QUDyn	MB419	0.0536	4.0000	3.0000	4.0000
QUDyn	MB432	0.3182	21.0000	14.0000	21.0000
QUDyn	MB434	0.0109	14.0000	3.0000	14.0000
QUDyn	MB439	0.1194	54.0000	8.0000	54.0000
QUDyn	AVG	0.1016	33.0213	4.6170	33.0213
SNACSA	MB228	0.6667	3.0000	2.0000	3.0000
SNACSA	MB236	0.0928	0.0000	9.0000	0.0000
SNACSA	MB242	0.1096	84.0000	8.0000	84.0000
SNACSA	MB243	0.2437	62.0000	29.0000	62.0000
SNACSA	MB246	0.1696	38.0000	29.0000	38.0000
SNACSA	MB253	0.0000	99.0000	0.0000	99.0000
SNACSA	MB254	0.0000	99.0000	0.0000	99.0000
SNACSA	MB255	0.0667	0.0000	1.0000	0.0000
SNACSA	MB262	0.4627	7.0000	31.0000	7.0000
SNACSA	MB265	0.3276	73.0000	19.0000	73.0000
SNACSA	MB267	0.0513	97.0000	2.0000	97.0000
SNACSA	MB278	0.2000	34.0000	7.0000	34.0000
SNACSA	MB284	0.2745	44.0000	14.0000	44.0000
SNACSA	MB287	0.4507	4.0000	32.0000	4.0000
SNACSA	MB298	0.7500	8.0000	6.0000	8.0000
SNACSA	MB305	0.0000	3.0000	0.0000	3.0000
SNACSA	MB326	0.1000	1.0000	2.0000	1.0000
SNACSA	MB339	0.2000	2.0000	2.0000	2.0000
SNACSA	MB344	0.0905	0.0000	74.0000	0.0000
SNACSA	MB348	0.0000	0.0000	0.0000	0.0000
SNACSA	MB353	0.0000	0.0000	0.0000	0.0000
SNACSA	MB354	0.7778	55.0000	14.0000	55.0000
SNACSA	MB357	0.0000	2.0000	0.0000	2.0000
SNACSA	MB359	0.6250	60.0000	5.0000	60.0000
SNACSA	MB362	0.3273	13.0000	18.0000	13.0000
SNACSA	MB366	0.3711	56.0000	36.0000	56.0000
SNACSA	MB371	0.2330	11.0000	24.0000	11.0000
SNACSA	MB379	0.0357	0.0000	1.0000	0.0000
SNACSA	MB384	0.0000	38.0000	0.0000	38.0000
SNACSA	MB389	0.5294	10.0000	9.0000	10.0000
SNACSA	MB391	0.0933	18.0000	7.0000	18.0000
SNACSA	MB392	0.1176	66.0000	2.0000	66.0000
SNACSA	MB400	0.3908	32.0000	34.0000	32.0000
SNACSA	MB401	0.1801	12.0000	56.0000	12.0000
SNACSA	MB405	0.2000	1.0000	1.0000	1.0000
SNACSA	MB416	0.1250	6.0000	1.0000	6.0000
SNACSA	MB419	0.2500	8.0000	14.0000	8.0000
SNACSA	MB432	0.2955	9.0000	13.0000	9.0000
SNACSA	MB434	0.1341	51.0000	37.0000	51.0000
SNACSA	MB439	0.1194	12.0000	8.0000	12.0000
SNACSA	MB448	1.0000	0.0000	1.0000	0.0000
SNACSA	AVG	0.2141	23.7872	11.6596	23.7872
SNACS_LA	MB228	0.0000	0.0000	0.0000	0.0000
SNACS_LA	MB242	0.1233	47.0000	9.0000	47.0000
SNACS_LA	MB243	0.0672	2.0000	8.0000	2.0000
SNACS_LA	MB246	0.1696	40.0000	29.0000	40.0000
SNACS_LA	MB255	0.0667	1.0000	1.0000	1.0000
SNACS_LA	MB262	0.0896	0.0000	6.0000	0.0000
SNACS_LA	MB265	0.1897	63.0000	11.0000	63.0000
SNACS_LA	MB278	0.1429	10.0000	5.0000	10.0000
SNACS_LA	MB284	0.2157	31.0000	11.0000	31.0000
SNACS_LA	MB287	0.0986	0.0000	7.0000	0.0000
SNACS_LA	MB298	0.1250	0.0000	1.0000	0.0000
SNACS_LA	MB305	0.0000	5.0000	0.0000	5.0000
SNACS_LA	MB339	0.0000	0.0000	0.0000	0.0000
SNACS_LA	MB344	0.0196	0.0000	16.0000	0.0000
SNACS_LA	MB348	0.0000	0.0000	0.0000	0.0000
SNACS_LA	MB354	0.8333	28.0000	15.0000	28.0000
SNACS_LA	MB357	0.0000	1.0000	0.0000	1.0000
SNACS_LA	MB366	0.2990	47.0000	29.0000	47.0000
SNACS_LA	MB371	0.0388	0.0000	4.0000	0.0000
SNACS_LA	MB379	0.0000	0.0000	0.0000	0.0000
SNACS_LA	MB384	0.0000	3.0000	0.0000	3.0000
SNACS_LA	MB391	0.0000	0.0000	0.0000	0.0000
SNACS_LA	MB392	0.0588	9.0000	1.0000	9.0000
SNACS_LA	MB400	0.0230	5.0000	2.0000	5.0000
SNACS_LA	MB401	0.1447	1.0000	45.0000	1.0000
SNACS_LA	MB416	0.0000	0.0000	0.0000	0.0000
SNACS_LA	MB419	0.1071	2.0000	6.0000	2.0000
SNACS_LA	MB434	0.1377	36.0000	38.0000	36.0000
SNACS_LA	MB448	0.0000	0.0000	0.0000	0.0000
SNACS_LA	AVG	0.0628	7.0426	5.1915	7.0426
udelRun1A	MB228	0.0000	1.0000	0.0000	1.0000
udelRun1A	MB236	0.0309	5.0000	3.0000	5.0000
udelRun1A	MB242	0.2055	36.0000	15.0000	36.0000
udelRun1A	MB243	0.2773	38.0000	33.0000	38.0000
udelRun1A	MB246	0.1170	27.0000	20.0000	27.0000
udelRun1A	MB253	0.0000	27.0000	0.0000	27.0000
udelRun1A	MB254	0.0000	24.0000	0.0000	24.0000
udelRun1A	MB255	0.1333	73.0000	2.0000	73.0000
udelRun1A	MB260	0.0000	2.0000	0.0000	2.0000
udelRun1A	MB262	0.0896	6.0000	6.0000	6.0000
udelRun1A	MB265	0.0690	36.0000	4.0000	36.0000
udelRun1A	MB267	0.0513	4.0000	2.0000	4.0000
udelRun1A	MB278	0.2571	15.0000	9.0000	15.0000
udelRun1A	MB284	0.0980	10.0000	5.0000	10.0000
udelRun1A	MB287	0.2113	5.0000	15.0000	5.0000
udelRun1A	MB298	0.1250	49.0000	1.0000	49.0000
udelRun1A	MB305	0.0000	10.0000	0.0000	10.0000
udelRun1A	MB324	0.0000	2.0000	0.0000	2.0000
udelRun1A	MB326	0.0000	3.0000	0.0000	3.0000
udelRun1A	MB331	0.2000	24.0000	5.0000	24.0000
udelRun1A	MB339	0.2000	15.0000	2.0000	15.0000
udelRun1A	MB344	0.0733	1.0000	60.0000	1.0000
udelRun1A	MB353	0.0000	6.0000	0.0000	6.0000
udelRun1A	MB354	0.5000	24.0000	9.0000	24.0000
udelRun1A	MB357	0.0000	6.0000	0.0000	6.0000
udelRun1A	MB359	0.1250	28.0000	1.0000	28.0000
udelRun1A	MB362	0.2000	8.0000	11.0000	8.0000
udelRun1A	MB366	0.0515	3.0000	5.0000	3.0000
udelRun1A	MB371	0.1068	5.0000	11.0000	5.0000
udelRun1A	MB377	0.0000	8.0000	0.0000	8.0000
udelRun1A	MB379	0.0000	4.0000	0.0000	4.0000
udelRun1A	MB389	0.0000	10.0000	0.0000	10.0000
udelRun1A	MB392	0.0000	1.0000	0.0000	1.0000
udelRun1A	MB400	0.0115	1.0000	1.0000	1.0000
udelRun1A	MB401	0.0772	25.0000	24.0000	25.0000
udelRun1A	MB405	0.0000	1.0000	0.0000	1.0000
udelRun1A	MB409	0.0000	4.0000	0.0000	4.0000
udelRun1A	MB416	0.0000	4.0000	0.0000	4.0000
udelRun1A	MB419	0.1071	5.0000	6.0000	5.0000
udelRun1A	MB432	0.1364	6.0000	6.0000	6.0000
udelRun1A	MB434	0.0435	16.0000	12.0000	16.0000
udelRun1A	MB439	0.1194	4.0000	8.0000	4.0000
udelRun1A	MB448	0.0000	1.0000	0.0000	1.0000
udelRun1A	AVG	0.0770	12.4043	5.8723	12.4043
udelRun2A	MB228	0.0000	1.0000	0.0000	1.0000
udelRun2A	MB236	0.0206	1.0000	2.0000	1.0000
udelRun2A	MB242	0.1644	20.0000	12.0000	20.0000
udelRun2A	MB243	0.2437	20.0000	29.0000	20.0000
udelRun2A	MB246	0.0643	14.0000	11.0000	14.0000
udelRun2A	MB253	0.0000	10.0000	0.0000	10.0000
udelRun2A	MB254	0.0000	6.0000	0.0000	6.0000
udelRun2A	MB255	0.0667	39.0000	1.0000	39.0000
udelRun2A	MB260	0.0000	1.0000	0.0000	1.0000
udelRun2A	MB262	0.0299	4.0000	2.0000	4.0000
udelRun2A	MB265	0.0345	20.0000	2.0000	20.0000
udelRun2A	MB267	0.0256	1.0000	1.0000	1.0000
udelRun2A	MB278	0.1143	11.0000	4.0000	11.0000
udelRun2A	MB284	0.0784	4.0000	4.0000	4.0000
udelRun2A	MB287	0.1127	2.0000	8.0000	2.0000
udelRun2A	MB298	0.0000	31.0000	0.0000	31.0000
udelRun2A	MB305	0.0000	4.0000	0.0000	4.0000
udelRun2A	MB324	0.0000	1.0000	0.0000	1.0000
udelRun2A	MB326	0.0000	1.0000	0.0000	1.0000
udelRun2A	MB331	0.0000	14.0000	0.0000	14.0000
udelRun2A	MB339	0.2000	13.0000	2.0000	13.0000
udelRun2A	MB344	0.0208	0.0000	17.0000	0.0000
udelRun2A	MB353	0.0000	3.0000	0.0000	3.0000
udelRun2A	MB354	0.3333	15.0000	6.0000	15.0000
udelRun2A	MB357	0.0000	3.0000	0.0000	3.0000
udelRun2A	MB359	0.0000	19.0000	0.0000	19.0000
udelRun2A	MB362	0.1818	3.0000	10.0000	3.0000
udelRun2A	MB366	0.0309	1.0000	3.0000	1.0000
udelRun2A	MB371	0.0485	3.0000	5.0000	3.0000
udelRun2A	MB377	0.0000	6.0000	0.0000	6.0000
udelRun2A	MB379	0.0000	4.0000	0.0000	4.0000
udelRun2A	MB389	0.0000	4.0000	0.0000	4.0000
udelRun2A	MB392	0.0000	2.0000	0.0000	2.0000
udelRun2A	MB400	0.0000	1.0000	0.0000	1.0000
udelRun2A	MB401	0.0418	10.0000	13.0000	10.0000
udelRun2A	MB405	0.0000	0.0000	0.0000	0.0000
udelRun2A	MB409	0.0000	1.0000	0.0000	1.0000
udelRun2A	MB416	0.0000	1.0000	0.0000	1.0000
udelRun2A	MB419	0.0179	2.0000	1.0000	2.0000
udelRun2A	MB432	0.1136	1.0000	5.0000	1.0000
udelRun2A	MB434	0.0326	12.0000	9.0000	12.0000
udelRun2A	MB439	0.1045	3.0000	7.0000	3.0000
udelRun2A	MB448	0.0000	1.0000	0.0000	1.0000
udelRun2A	AVG	0.0443	6.6596	3.2766	6.6596
udelRun3A	MB228	0.0000	3.0000	0.0000	3.0000
udelRun3A	MB236	0.0309	8.0000	3.0000	8.0000
udelRun3A	MB242	0.1096	18.0000	8.0000	18.0000
udelRun3A	MB243	0.0252	1.0000	3.0000	1.0000
udelRun3A	MB246	0.1871	40.0000	32.0000	40.0000
udelRun3A	MB253	0.0000	86.0000	0.0000	86.0000
udelRun3A	MB254	0.0312	28.0000	1.0000	28.0000
udelRun3A	MB255	0.0000	77.0000	0.0000	77.0000
udelRun3A	MB260	0.0000	6.0000	0.0000	6.0000
udelRun3A	MB262	0.1940	9.0000	13.0000	9.0000
udelRun3A	MB265	0.0517	28.0000	3.0000	28.0000
udelRun3A	MB267	0.0000	2.0000	0.0000	2.0000
udelRun3A	MB278	0.3143	44.0000	11.0000	44.0000
udelRun3A	MB284	0.1176	15.0000	6.0000	15.0000
udelRun3A	MB287	0.0704	48.0000	5.0000	48.0000
udelRun3A	MB298	0.0000	34.0000	0.0000	34.0000
udelRun3A	MB305	0.0000	7.0000	0.0000	7.0000
udelRun3A	MB324	0.0000	4.0000	0.0000	4.0000
udelRun3A	MB326	0.1000	20.0000	2.0000	20.0000
udelRun3A	MB331	0.2400	25.0000	6.0000	25.0000
udelRun3A	MB339	0.2000	38.0000	2.0000	38.0000
udelRun3A	MB344	0.0941	1.0000	77.0000	1.0000
udelRun3A	MB348	0.0000	1.0000	0.0000	1.0000
udelRun3A	MB353	0.0000	3.0000	0.0000	3.0000
udelRun3A	MB354	0.4444	28.0000	8.0000	28.0000
udelRun3A	MB357	0.0000	5.0000	0.0000	5.0000
udelRun3A	MB359	0.1250	21.0000	1.0000	21.0000
udelRun3A	MB362	0.2182	12.0000	12.0000	12.0000
udelRun3A	MB366	0.0515	8.0000	5.0000	8.0000
udelRun3A	MB371	0.0485	3.0000	5.0000	3.0000
udelRun3A	MB377	0.0000	3.0000	0.0000	3.0000
udelRun3A	MB379	0.0000	9.0000	0.0000	9.0000
udelRun3A	MB383	0.3125	94.0000	5.0000	94.0000
udelRun3A	MB384	0.0000	2.0000	0.0000	2.0000
udelRun3A	MB389	0.0000	5.0000	0.0000	5.0000
udelRun3A	MB391	0.0400	54.0000	3.0000	54.0000
udelRun3A	MB392	0.0000	4.0000	0.0000	4.0000
udelRun3A	MB400	0.0805	2.0000	7.0000	2.0000
udelRun3A	MB401	0.0707	77.0000	22.0000	77.0000
udelRun3A	MB405	0.0000	2.0000	0.0000	2.0000
udelRun3A	MB409	0.0000	3.0000	0.0000	3.0000
udelRun3A	MB416	0.0000	2.0000	0.0000	2.0000
udelRun3A	MB419	0.1250	6.0000	7.0000	6.0000
udelRun3A	MB432	0.1818	8.0000	8.0000	8.0000
udelRun3A	MB434	0.0109	8.0000	3.0000	8.0000
udelRun3A	MB439	0.0746	3.0000	5.0000	3.0000
udelRun3A	MB448	0.0000	4.0000	0.0000	4.0000
udelRun3A	AVG	0.0755	19.3404	5.5957	19.3404
umd_hcil_run01	MB416	0.0000	0.0000	0.0000	0.0000
umd_hcil_run01	AVG	0.0000	0.0000	0.0000	0.0000
umd_hcil_run02	MB236	0.0000	5.0000	0.0000	5.0000
umd_hcil_run02	MB246	0.0000	0.0000	0.0000	0.0000
umd_hcil_run02	MB253	0.0000	0.0000	0.0000	0.0000
umd_hcil_run02	MB254	0.0000	2.0000	0.0000	2.0000
umd_hcil_run02	MB260	0.0000	0.0000	0.0000	0.0000
umd_hcil_run02	MB262	0.0000	19.0000	0.0000	19.0000
umd_hcil_run02	MB265	0.0000	2.0000	0.0000	2.0000
umd_hcil_run02	MB278	0.0000	4.0000	0.0000	4.0000
umd_hcil_run02	MB287	0.0000	4.0000	0.0000	4.0000
umd_hcil_run02	MB298	0.0000	0.0000	0.0000	0.0000
umd_hcil_run02	MB305	0.0000	2.0000	0.0000	2.0000
umd_hcil_run02	MB324	0.0000	0.0000	0.0000	0.0000
umd_hcil_run02	MB331	0.0000	8.0000	0.0000	8.0000
umd_hcil_run02	MB339	0.0000	0.0000	0.0000	0.0000
umd_hcil_run02	MB348	0.0000	0.0000	0.0000	0.0000
umd_hcil_run02	MB353	0.0000	49.0000	0.0000	49.0000
umd_hcil_run02	MB354	0.0000	5.0000	0.0000	5.0000
umd_hcil_run02	MB359	0.0000	3.0000	0.0000	3.0000
umd_hcil_run02	MB371	0.0000	2.0000	0.0000	2.0000
umd_hcil_run02	MB383	0.0000	4.0000	0.0000	4.0000
umd_hcil_run02	MB384	0.0000	4.0000	0.0000	4.0000
umd_hcil_run02	MB392	0.0000	3.0000	0.0000	3.0000
umd_hcil_run02	MB416	0.0000	0.0000	0.0000	0.0000
umd_hcil_run02	MB419	0.0000	3.0000	0.0000	3.0000
umd_hcil_run02	MB434	0.0000	53.0000	0.0000	53.0000
umd_hcil_run02	MB448	0.0000	11.0000	0.0000	11.0000
umd_hcil_run02	AVG	0.0000	3.8936	0.0000	3.8936
UWaterlooATDK	MB242	0.0137	12.0000	1.0000	12.0000
UWaterlooATDK	MB243	0.0504	2.0000	6.0000	2.0000
UWaterlooATDK	MB246	0.0292	1.0000	5.0000	1.0000
UWaterlooATDK	MB253	0.0000	1.0000	0.0000	1.0000
UWaterlooATDK	MB254	0.0000	4.0000	0.0000	4.0000
UWaterlooATDK	MB255	0.0667	4.0000	1.0000	4.0000
UWaterlooATDK	MB262	0.0597	0.0000	4.0000	0.0000
UWaterlooATDK	MB265	0.0345	3.0000	2.0000	3.0000
UWaterlooATDK	MB267	0.0256	3.0000	1.0000	3.0000
UWaterlooATDK	MB278	0.1429	2.0000	5.0000	2.0000
UWaterlooATDK	MB287	0.0845	0.0000	6.0000	0.0000
UWaterlooATDK	MB298	0.1250	0.0000	1.0000	0.0000
UWaterlooATDK	MB305	0.0000	14.0000	0.0000	14.0000
UWaterlooATDK	MB326	0.0000	0.0000	0.0000	0.0000
UWaterlooATDK	MB331	0.2400	23.0000	6.0000	23.0000
UWaterlooATDK	MB339	0.1000	2.0000	1.0000	2.0000
UWaterlooATDK	MB344	0.0196	0.0000	16.0000	0.0000
UWaterlooATDK	MB353	0.0000	1.0000	0.0000	1.0000
UWaterlooATDK	MB354	0.6111	27.0000	11.0000	27.0000
UWaterlooATDK	MB359	0.0000	17.0000	0.0000	17.0000
UWaterlooATDK	MB362	0.3091	10.0000	17.0000	10.0000
UWaterlooATDK	MB366	0.0103	0.0000	1.0000	0.0000
UWaterlooATDK	MB371	0.0583	12.0000	6.0000	12.0000
UWaterlooATDK	MB379	0.0714	0.0000	2.0000	0.0000
UWaterlooATDK	MB383	0.0625	8.0000	1.0000	8.0000
UWaterlooATDK	MB389	0.4118	4.0000	7.0000	4.0000
UWaterlooATDK	MB392	0.0000	1.0000	0.0000	1.0000
UWaterlooATDK	MB400	0.0345	26.0000	3.0000	26.0000
UWaterlooATDK	MB401	0.0675	4.0000	21.0000	4.0000
UWaterlooATDK	MB405	0.0000	0.0000	0.0000	0.0000
UWaterlooATDK	MB409	0.0000	1.0000	0.0000	1.0000
UWaterlooATDK	MB419	0.0714	2.0000	4.0000	2.0000
UWaterlooATDK	MB432	0.2273	9.0000	10.0000	9.0000
UWaterlooATDK	MB434	0.0036	2.0000	1.0000	2.0000
UWaterlooATDK	MB439	0.0896	9.0000	6.0000	9.0000
UWaterlooATDK	AVG	0.0643	4.3404	3.0851	4.3404
UWaterlooATEK	MB242	0.0685	22.0000	5.0000	22.0000
UWaterlooATEK	MB243	0.0588	2.0000	7.0000	2.0000
UWaterlooATEK	MB246	0.0760	13.0000	13.0000	13.0000
UWaterlooATEK	MB253	0.0000	1.0000	0.0000	1.0000
UWaterlooATEK	MB254	0.0000	4.0000	0.0000	4.0000
UWaterlooATEK	MB255	0.0667	4.0000	1.0000	4.0000
UWaterlooATEK	MB260	0.0000	6.0000	0.0000	6.0000
UWaterlooATEK	MB262	0.0746	0.0000	5.0000	0.0000
UWaterlooATEK	MB265	0.0345	3.0000	2.0000	3.0000
UWaterlooATEK	MB267	0.0256	3.0000	1.0000	3.0000
UWaterlooATEK	MB278	0.1429	3.0000	5.0000	3.0000
UWaterlooATEK	MB284	0.0196	0.0000	1.0000	0.0000
UWaterlooATEK	MB287	0.0845	0.0000	6.0000	0.0000
UWaterlooATEK	MB298	0.1250	1.0000	1.0000	1.0000
UWaterlooATEK	MB305	0.3333	13.0000	1.0000	13.0000
UWaterlooATEK	MB326	0.0000	0.0000	0.0000	0.0000
UWaterlooATEK	MB331	0.3200	30.0000	8.0000	30.0000
UWaterlooATEK	MB339	0.2000	3.0000	2.0000	3.0000
UWaterlooATEK	MB344	0.0428	0.0000	35.0000	0.0000
UWaterlooATEK	MB353	0.0000	1.0000	0.0000	1.0000
UWaterlooATEK	MB354	0.7778	30.0000	14.0000	30.0000
UWaterlooATEK	MB359	0.2500	27.0000	2.0000	27.0000
UWaterlooATEK	MB362	0.2909	11.0000	16.0000	11.0000
UWaterlooATEK	MB366	0.0103	0.0000	1.0000	0.0000
UWaterlooATEK	MB371	0.0583	12.0000	6.0000	12.0000
UWaterlooATEK	MB377	0.0000	1.0000	0.0000	1.0000
UWaterlooATEK	MB379	0.0357	0.0000	1.0000	0.0000
UWaterlooATEK	MB383	0.0625	9.0000	1.0000	9.0000
UWaterlooATEK	MB384	0.0000	1.0000	0.0000	1.0000
UWaterlooATEK	MB389	0.4118	6.0000	7.0000	6.0000
UWaterlooATEK	MB392	0.0000	1.0000	0.0000	1.0000
UWaterlooATEK	MB400	0.0460	26.0000	4.0000	26.0000
UWaterlooATEK	MB401	0.0707	5.0000	22.0000	5.0000
UWaterlooATEK	MB405	0.0000	0.0000	0.0000	0.0000
UWaterlooATEK	MB409	0.0000	1.0000	0.0000	1.0000
UWaterlooATEK	MB419	0.0893	2.0000	5.0000	2.0000
UWaterlooATEK	MB432	0.2273	9.0000	10.0000	9.0000
UWaterlooATEK	MB434	0.0072	12.0000	2.0000	12.0000
UWaterlooATEK	MB439	0.0896	9.0000	6.0000	9.0000
UWaterlooATEK	AVG	0.0872	5.7660	4.0426	5.7660
UWaterlooATNDEK	MB228	0.0000	0.0000	0.0000	0.0000
UWaterlooATNDEK	MB242	0.0685	26.0000	5.0000	26.0000
UWaterlooATNDEK	MB243	0.0840	2.0000	10.0000	2.0000
UWaterlooATNDEK	MB246	0.0760	13.0000	13.0000	13.0000
UWaterlooATNDEK	MB253	0.0000	1.0000	0.0000	1.0000
UWaterlooATNDEK	MB254	0.0000	4.0000	0.0000	4.0000
UWaterlooATNDEK	MB255	0.0667	6.0000	1.0000	6.0000
UWaterlooATNDEK	MB260	0.0000	6.0000	0.0000	6.0000
UWaterlooATNDEK	MB262	0.0896	2.0000	6.0000	2.0000
UWaterlooATNDEK	MB265	0.0862	5.0000	5.0000	5.0000
UWaterlooATNDEK	MB267	0.0256	3.0000	1.0000	3.0000
UWaterlooATNDEK	MB278	0.2000	3.0000	7.0000	3.0000
UWaterlooATNDEK	MB284	0.0588	0.0000	3.0000	0.0000
UWaterlooATNDEK	MB287	0.1408	0.0000	10.0000	0.0000
UWaterlooATNDEK	MB298	0.1250	2.0000	1.0000	2.0000
UWaterlooATNDEK	MB305	0.3333	15.0000	1.0000	15.0000
UWaterlooATNDEK	MB324	0.0000	0.0000	0.0000	0.0000
UWaterlooATNDEK	MB326	0.0000	0.0000	0.0000	0.0000
UWaterlooATNDEK	MB331	0.3200	36.0000	8.0000	36.0000
UWaterlooATNDEK	MB339	0.2000	3.0000	2.0000	3.0000
UWaterlooATNDEK	MB344	0.0440	0.0000	36.0000	0.0000
UWaterlooATNDEK	MB353	0.0000	1.0000	0.0000	1.0000
UWaterlooATNDEK	MB354	0.7778	35.0000	14.0000	35.0000
UWaterlooATNDEK	MB359	0.2500	33.0000	2.0000	33.0000
UWaterlooATNDEK	MB362	0.2909	11.0000	16.0000	11.0000
UWaterlooATNDEK	MB366	0.0309	1.0000	3.0000	1.0000
UWaterlooATNDEK	MB371	0.0583	12.0000	6.0000	12.0000
UWaterlooATNDEK	MB377	0.0000	1.0000	0.0000	1.0000
UWaterlooATNDEK	MB379	0.0357	0.0000	1.0000	0.0000
UWaterlooATNDEK	MB383	0.0625	9.0000	1.0000	9.0000
UWaterlooATNDEK	MB384	0.0000	1.0000	0.0000	1.0000
UWaterlooATNDEK	MB389	0.4118	6.0000	7.0000	6.0000
UWaterlooATNDEK	MB392	0.0000	1.0000	0.0000	1.0000
UWaterlooATNDEK	MB400	0.0920	32.0000	8.0000	32.0000
UWaterlooATNDEK	MB401	0.0707	6.0000	22.0000	6.0000
UWaterlooATNDEK	MB405	0.0000	0.0000	0.0000	0.0000
UWaterlooATNDEK	MB409	0.0000	6.0000	0.0000	6.0000
UWaterlooATNDEK	MB419	0.0893	2.0000	5.0000	2.0000
UWaterlooATNDEK	MB432	0.2273	9.0000	10.0000	9.0000
UWaterlooATNDEK	MB434	0.0072	12.0000	2.0000	12.0000
UWaterlooATNDEK	MB439	0.0896	9.0000	6.0000	9.0000
UWaterlooATNDEK	AVG	0.0939	6.6809	4.5106	6.6809
UWCMBP1	MB228	0.0000	0.0000	0.0000	0.0000
UWCMBP1	MB236	0.0825	0.0000	8.0000	0.0000
UWCMBP1	MB242	0.0959	18.0000	7.0000	18.0000
UWCMBP1	MB243	0.0336	4.0000	4.0000	4.0000
UWCMBP1	MB246	0.1345	22.0000	23.0000	22.0000
UWCMBP1	MB253	0.3333	20.0000	1.0000	20.0000
UWCMBP1	MB254	0.0000	5.0000	0.0000	5.0000
UWCMBP1	MB255	0.0667	12.0000	1.0000	12.0000
UWCMBP1	MB260	0.0000	41.0000	0.0000	41.0000
UWCMBP1	MB262	0.0896	13.0000	6.0000	13.0000
UWCMBP1	MB265	0.0172	0.0000	1.0000	0.0000
UWCMBP1	MB267	0.0000	3.0000	0.0000	3.0000
UWCMBP1	MB278	0.1429	6.0000	5.0000	6.0000
UWCMBP1	MB284	0.0000	1.0000	0.0000	1.0000
UWCMBP1	MB287	0.0563	12.0000	4.0000	12.0000
UWCMBP1	MB298	0.1250	32.0000	1.0000	32.0000
UWCMBP1	MB305	0.6667	16.0000	2.0000	16.0000
UWCMBP1	MB324	0.0000	1.0000	0.0000	1.0000
UWCMBP1	MB326	0.0500	0.0000	1.0000	0.0000
UWCMBP1	MB331	0.3600	39.0000	9.0000	39.0000
UWCMBP1	MB339	0.2000	5.0000	2.0000	5.0000
UWCMBP1	MB344	0.0526	0.0000	43.0000	0.0000
UWCMBP1	MB348	0.0000	5.0000	0.0000	5.0000
UWCMBP1	MB353	0.0000	10.0000	0.0000	10.0000
UWCMBP1	MB354	0.3333	11.0000	6.0000	11.0000
UWCMBP1	MB359	0.1250	42.0000	1.0000	42.0000
UWCMBP1	MB362	0.0364	11.0000	2.0000	11.0000
UWCMBP1	MB366	0.0206	0.0000	2.0000	0.0000
UWCMBP1	MB371	0.0388	0.0000	4.0000	0.0000
UWCMBP1	MB377	0.0000	18.0000	0.0000	18.0000
UWCMBP1	MB379	0.1071	0.0000	3.0000	0.0000
UWCMBP1	MB383	0.0625	12.0000	1.0000	12.0000
UWCMBP1	MB384	0.0714	32.0000	1.0000	32.0000
UWCMBP1	MB389	0.0588	7.0000	1.0000	7.0000
UWCMBP1	MB391	0.0667	6.0000	5.0000	6.0000
UWCMBP1	MB392	0.0000	4.0000	0.0000	4.0000
UWCMBP1	MB400	0.0115	3.0000	1.0000	3.0000
UWCMBP1	MB401	0.0547	4.0000	17.0000	4.0000
UWCMBP1	MB409	0.0000	7.0000	0.0000	7.0000
UWCMBP1	MB419	0.1071	2.0000	6.0000	2.0000
UWCMBP1	MB432	0.0227	0.0000	1.0000	0.0000
UWCMBP1	MB434	0.0145	62.0000	4.0000	62.0000
UWCMBP1	MB439	0.0149	8.0000	1.0000	8.0000
UWCMBP1	MB448	0.0000	0.0000	0.0000	0.0000
UWCMBP1	AVG	0.0777	10.5106	3.7021	10.5106
UWCMBP2	MB228	0.0000	0.0000	0.0000	0.0000
UWCMBP2	MB236	0.4330	8.0000	42.0000	8.0000
UWCMBP2	MB242	0.1918	48.0000	14.0000	48.0000
UWCMBP2	MB243	0.0840	20.0000	10.0000	20.0000
UWCMBP2	MB246	0.1696	26.0000	29.0000	26.0000
UWCMBP2	MB253	0.3333	90.0000	1.0000	90.0000
UWCMBP2	MB254	0.0000	18.0000	0.0000	18.0000
UWCMBP2	MB255	0.3333	13.0000	5.0000	13.0000
UWCMBP2	MB260	0.0000	89.0000	0.0000	89.0000
UWCMBP2	MB262	0.2388	66.0000	16.0000	66.0000
UWCMBP2	MB265	0.0345	7.0000	2.0000	7.0000
UWCMBP2	MB267	0.0256	12.0000	1.0000	12.0000
UWCMBP2	MB278	0.0857	26.0000	3.0000	26.0000
UWCMBP2	MB284	0.0196	5.0000	1.0000	5.0000
UWCMBP2	MB287	0.0141	19.0000	1.0000	19.0000
UWCMBP2	MB298	0.1250	60.0000	1.0000	60.0000
UWCMBP2	MB305	0.6667	52.0000	2.0000	52.0000
UWCMBP2	MB324	0.3333	26.0000	1.0000	26.0000
UWCMBP2	MB326	0.0500	0.0000	1.0000	0.0000
UWCMBP2	MB331	0.0800	31.0000	2.0000	31.0000
UWCMBP2	MB339	0.1000	18.0000	1.0000	18.0000
UWCMBP2	MB344	0.0636	2.0000	52.0000	2.0000
UWCMBP2	MB348	0.1081	51.0000	4.0000	51.0000
UWCMBP2	MB353	0.3000	64.0000	3.0000	64.0000
UWCMBP2	MB354	0.5000	23.0000	9.0000	23.0000
UWCMBP2	MB357	0.0000	0.0000	0.0000	0.0000
UWCMBP2	MB359	0.0000	44.0000	0.0000	44.0000
UWCMBP2	MB362	0.0000	1.0000	0.0000	1.0000
UWCMBP2	MB366	0.1134	34.0000	11.0000	34.0000
UWCMBP2	MB371	0.0097	4.0000	1.0000	4.0000
UWCMBP2	MB377	0.0000	66.0000	0.0000	66.0000
UWCMBP2	MB379	0.0000	0.0000	0.0000	0.0000
UWCMBP2	MB383	0.0625	66.0000	1.0000	66.0000
UWCMBP2	MB384	0.0000	17.0000	0.0000	17.0000
UWCMBP2	MB389	0.0000	29.0000	0.0000	29.0000
UWCMBP2	MB391	0.0400	6.0000	3.0000	6.0000
UWCMBP2	MB392	0.0000	0.0000	0.0000	0.0000
UWCMBP2	MB401	0.0868	38.0000	27.0000	38.0000
UWCMBP2	MB405	0.0000	0.0000	0.0000	0.0000
UWCMBP2	MB409	0.0000	13.0000	0.0000	13.0000
UWCMBP2	MB416	0.1250	30.0000	1.0000	30.0000
UWCMBP2	MB419	0.1071	42.0000	6.0000	42.0000
UWCMBP2	MB434	0.0254	76.0000	7.0000	76.0000
UWCMBP2	MB439	0.0896	4.0000	6.0000	4.0000
UWCMBP2	MB448	0.0000	34.0000	0.0000	34.0000
UWCMBP2	AVG	0.1053	27.1915	5.6170	27.1915
