CLIP-A-5.0-0.5	MB228	0.0000	5.0000	0.0000	5.0000
CLIP-A-5.0-0.5	MB236	0.0928	8.0000	9.0000	8.0000
CLIP-A-5.0-0.5	MB242	0.0274	18.0000	2.0000	18.0000
CLIP-A-5.0-0.5	MB243	0.0420	13.0000	5.0000	13.0000
CLIP-A-5.0-0.5	MB246	0.0175	17.0000	3.0000	17.0000
CLIP-A-5.0-0.5	MB253	0.0000	20.0000	0.0000	20.0000
CLIP-A-5.0-0.5	MB254	0.0938	10.0000	3.0000	10.0000
CLIP-A-5.0-0.5	MB255	0.0667	17.0000	1.0000	17.0000
CLIP-A-5.0-0.5	MB260	0.0000	20.0000	0.0000	20.0000
CLIP-A-5.0-0.5	MB262	0.1194	9.0000	8.0000	9.0000
CLIP-A-5.0-0.5	MB265	0.1034	8.0000	6.0000	8.0000
CLIP-A-5.0-0.5	MB267	0.0000	20.0000	0.0000	20.0000
CLIP-A-5.0-0.5	MB278	0.1714	10.0000	6.0000	10.0000
CLIP-A-5.0-0.5	MB284	0.0784	13.0000	4.0000	13.0000
CLIP-A-5.0-0.5	MB287	0.1408	3.0000	10.0000	3.0000
CLIP-A-5.0-0.5	MB298	0.0000	20.0000	0.0000	20.0000
CLIP-A-5.0-0.5	MB305	0.0000	20.0000	0.0000	20.0000
CLIP-A-5.0-0.5	MB324	0.0000	15.0000	0.0000	15.0000
CLIP-A-5.0-0.5	MB326	0.1000	9.0000	2.0000	9.0000
CLIP-A-5.0-0.5	MB331	0.0400	19.0000	1.0000	19.0000
CLIP-A-5.0-0.5	MB339	0.4000	4.0000	4.0000	4.0000
CLIP-A-5.0-0.5	MB344	0.0220	1.0000	18.0000	1.0000
CLIP-A-5.0-0.5	MB348	0.0541	16.0000	2.0000	16.0000
CLIP-A-5.0-0.5	MB353	0.1000	17.0000	1.0000	17.0000
CLIP-A-5.0-0.5	MB354	0.1667	13.0000	3.0000	13.0000
CLIP-A-5.0-0.5	MB357	0.0000	20.0000	0.0000	20.0000
CLIP-A-5.0-0.5	MB359	0.1250	17.0000	1.0000	17.0000
CLIP-A-5.0-0.5	MB362	0.0000	0.0000	0.0000	0.0000
CLIP-A-5.0-0.5	MB366	0.0412	16.0000	4.0000	16.0000
CLIP-A-5.0-0.5	MB371	0.0485	13.0000	5.0000	13.0000
CLIP-A-5.0-0.5	MB377	0.0000	18.0000	0.0000	18.0000
CLIP-A-5.0-0.5	MB379	0.0357	6.0000	1.0000	6.0000
CLIP-A-5.0-0.5	MB383	0.0625	19.0000	1.0000	19.0000
CLIP-A-5.0-0.5	MB384	0.1429	16.0000	2.0000	16.0000
CLIP-A-5.0-0.5	MB389	0.1176	10.0000	2.0000	10.0000
CLIP-A-5.0-0.5	MB391	0.0267	0.0000	2.0000	0.0000
CLIP-A-5.0-0.5	MB392	0.0588	19.0000	1.0000	19.0000
CLIP-A-5.0-0.5	MB400	0.0230	0.0000	2.0000	0.0000
CLIP-A-5.0-0.5	MB401	0.0322	3.0000	10.0000	3.0000
CLIP-A-5.0-0.5	MB405	0.0000	1.0000	0.0000	1.0000
CLIP-A-5.0-0.5	MB409	0.0000	11.0000	0.0000	11.0000
CLIP-A-5.0-0.5	MB416	0.0000	18.0000	0.0000	18.0000
CLIP-A-5.0-0.5	MB419	0.0714	14.0000	4.0000	14.0000
CLIP-A-5.0-0.5	MB432	0.0682	15.0000	3.0000	15.0000
CLIP-A-5.0-0.5	MB434	0.0036	19.0000	1.0000	19.0000
CLIP-A-5.0-0.5	MB439	0.0746	4.0000	5.0000	4.0000
CLIP-A-5.0-0.5	MB448	0.0000	12.0000	0.0000	12.0000
CLIP-A-5.0-0.5	AVG	0.0589	12.2553	2.8085	12.2553
CLIP-A-5.0-0.6	MB228	0.0000	5.0000	0.0000	5.0000
CLIP-A-5.0-0.6	MB236	0.1134	7.0000	11.0000	7.0000
CLIP-A-5.0-0.6	MB242	0.0274	18.0000	2.0000	18.0000
CLIP-A-5.0-0.6	MB243	0.0504	12.0000	6.0000	12.0000
CLIP-A-5.0-0.6	MB246	0.0292	15.0000	5.0000	15.0000
CLIP-A-5.0-0.6	MB253	0.0000	20.0000	0.0000	20.0000
CLIP-A-5.0-0.6	MB254	0.0938	10.0000	3.0000	10.0000
CLIP-A-5.0-0.6	MB255	0.1333	16.0000	2.0000	16.0000
CLIP-A-5.0-0.6	MB260	0.0000	20.0000	0.0000	20.0000
CLIP-A-5.0-0.6	MB262	0.1045	10.0000	7.0000	10.0000
CLIP-A-5.0-0.6	MB265	0.0862	9.0000	5.0000	9.0000
CLIP-A-5.0-0.6	MB267	0.0000	20.0000	0.0000	20.0000
CLIP-A-5.0-0.6	MB278	0.1714	9.0000	6.0000	9.0000
CLIP-A-5.0-0.6	MB284	0.0784	13.0000	4.0000	13.0000
CLIP-A-5.0-0.6	MB287	0.1408	4.0000	10.0000	4.0000
CLIP-A-5.0-0.6	MB298	0.0000	20.0000	0.0000	20.0000
CLIP-A-5.0-0.6	MB305	0.0000	20.0000	0.0000	20.0000
CLIP-A-5.0-0.6	MB324	0.0000	15.0000	0.0000	15.0000
CLIP-A-5.0-0.6	MB326	0.1000	12.0000	2.0000	12.0000
CLIP-A-5.0-0.6	MB331	0.1600	16.0000	4.0000	16.0000
CLIP-A-5.0-0.6	MB339	0.5000	3.0000	5.0000	3.0000
CLIP-A-5.0-0.6	MB344	0.0244	0.0000	20.0000	0.0000
CLIP-A-5.0-0.6	MB348	0.0811	15.0000	3.0000	15.0000
CLIP-A-5.0-0.6	MB353	0.1000	17.0000	1.0000	17.0000
CLIP-A-5.0-0.6	MB354	0.1667	15.0000	3.0000	15.0000
CLIP-A-5.0-0.6	MB357	0.0000	20.0000	0.0000	20.0000
CLIP-A-5.0-0.6	MB359	0.0000	20.0000	0.0000	20.0000
CLIP-A-5.0-0.6	MB362	0.0000	0.0000	0.0000	0.0000
CLIP-A-5.0-0.6	MB366	0.0412	16.0000	4.0000	16.0000
CLIP-A-5.0-0.6	MB371	0.0971	9.0000	10.0000	9.0000
CLIP-A-5.0-0.6	MB377	0.0000	18.0000	0.0000	18.0000
CLIP-A-5.0-0.6	MB379	0.0357	6.0000	1.0000	6.0000
CLIP-A-5.0-0.6	MB383	0.0625	19.0000	1.0000	19.0000
CLIP-A-5.0-0.6	MB384	0.1429	16.0000	2.0000	16.0000
CLIP-A-5.0-0.6	MB389	0.1176	10.0000	2.0000	10.0000
CLIP-A-5.0-0.6	MB391	0.0267	0.0000	2.0000	0.0000
CLIP-A-5.0-0.6	MB392	0.0588	19.0000	1.0000	19.0000
CLIP-A-5.0-0.6	MB400	0.0230	0.0000	2.0000	0.0000
CLIP-A-5.0-0.6	MB401	0.0354	3.0000	11.0000	3.0000
CLIP-A-5.0-0.6	MB405	0.0000	1.0000	0.0000	1.0000
CLIP-A-5.0-0.6	MB409	0.0000	13.0000	0.0000	13.0000
CLIP-A-5.0-0.6	MB416	0.0000	18.0000	0.0000	18.0000
CLIP-A-5.0-0.6	MB419	0.0536	14.0000	3.0000	14.0000
CLIP-A-5.0-0.6	MB432	0.0455	16.0000	2.0000	16.0000
CLIP-A-5.0-0.6	MB434	0.0109	17.0000	3.0000	17.0000
CLIP-A-5.0-0.6	MB439	0.0746	6.0000	5.0000	6.0000
CLIP-A-5.0-0.6	MB448	0.0000	12.0000	0.0000	12.0000
CLIP-A-5.0-0.6	AVG	0.0635	12.2128	3.1489	12.2128
CLIP-A-DYN-0.5	MB228	0.0000	5.0000	0.0000	5.0000
CLIP-A-DYN-0.5	MB236	0.1237	2.0000	12.0000	2.0000
CLIP-A-DYN-0.5	MB242	0.0411	17.0000	3.0000	17.0000
CLIP-A-DYN-0.5	MB243	0.0756	8.0000	9.0000	8.0000
CLIP-A-DYN-0.5	MB246	0.0351	11.0000	6.0000	11.0000
CLIP-A-DYN-0.5	MB253	0.0000	18.0000	0.0000	18.0000
CLIP-A-DYN-0.5	MB254	0.0938	10.0000	3.0000	10.0000
CLIP-A-DYN-0.5	MB255	0.0667	17.0000	1.0000	17.0000
CLIP-A-DYN-0.5	MB260	0.0000	20.0000	0.0000	20.0000
CLIP-A-DYN-0.5	MB262	0.1194	9.0000	8.0000	9.0000
CLIP-A-DYN-0.5	MB265	0.1034	8.0000	6.0000	8.0000
CLIP-A-DYN-0.5	MB267	0.0769	15.0000	3.0000	15.0000
CLIP-A-DYN-0.5	MB278	0.1714	10.0000	6.0000	10.0000
CLIP-A-DYN-0.5	MB284	0.0588	12.0000	3.0000	12.0000
CLIP-A-DYN-0.5	MB287	0.1408	3.0000	10.0000	3.0000
CLIP-A-DYN-0.5	MB298	0.1250	17.0000	1.0000	17.0000
CLIP-A-DYN-0.5	MB305	0.0000	18.0000	0.0000	18.0000
CLIP-A-DYN-0.5	MB324	0.0000	15.0000	0.0000	15.0000
CLIP-A-DYN-0.5	MB326	0.1000	9.0000	2.0000	9.0000
CLIP-A-DYN-0.5	MB331	0.0400	19.0000	1.0000	19.0000
CLIP-A-DYN-0.5	MB339	0.4000	4.0000	4.0000	4.0000
CLIP-A-DYN-0.5	MB344	0.0196	0.0000	16.0000	0.0000
CLIP-A-DYN-0.5	MB348	0.0541	16.0000	2.0000	16.0000
CLIP-A-DYN-0.5	MB353	0.1000	17.0000	1.0000	17.0000
CLIP-A-DYN-0.5	MB354	0.5000	4.0000	9.0000	4.0000
CLIP-A-DYN-0.5	MB357	0.0000	18.0000	0.0000	18.0000
CLIP-A-DYN-0.5	MB359	0.0000	18.0000	0.0000	18.0000
CLIP-A-DYN-0.5	MB362	0.0000	0.0000	0.0000	0.0000
CLIP-A-DYN-0.5	MB366	0.0412	16.0000	4.0000	16.0000
CLIP-A-DYN-0.5	MB371	0.1068	4.0000	11.0000	4.0000
CLIP-A-DYN-0.5	MB377	0.0000	18.0000	0.0000	18.0000
CLIP-A-DYN-0.5	MB379	0.0357	6.0000	1.0000	6.0000
CLIP-A-DYN-0.5	MB383	0.0625	19.0000	1.0000	19.0000
CLIP-A-DYN-0.5	MB384	0.1429	16.0000	2.0000	16.0000
CLIP-A-DYN-0.5	MB389	0.1176	10.0000	2.0000	10.0000
CLIP-A-DYN-0.5	MB391	0.0267	0.0000	2.0000	0.0000
CLIP-A-DYN-0.5	MB392	0.0588	19.0000	1.0000	19.0000
CLIP-A-DYN-0.5	MB400	0.0230	0.0000	2.0000	0.0000
CLIP-A-DYN-0.5	MB401	0.0322	3.0000	10.0000	3.0000
CLIP-A-DYN-0.5	MB405	0.0000	1.0000	0.0000	1.0000
CLIP-A-DYN-0.5	MB409	0.0000	11.0000	0.0000	11.0000
CLIP-A-DYN-0.5	MB416	0.0000	18.0000	0.0000	18.0000
CLIP-A-DYN-0.5	MB419	0.0714	14.0000	4.0000	14.0000
CLIP-A-DYN-0.5	MB432	0.0682	15.0000	3.0000	15.0000
CLIP-A-DYN-0.5	MB434	0.0072	18.0000	2.0000	18.0000
CLIP-A-DYN-0.5	MB439	0.0746	4.0000	5.0000	4.0000
CLIP-A-DYN-0.5	MB448	0.0000	12.0000	0.0000	12.0000
CLIP-A-DYN-0.5	AVG	0.0705	11.1489	3.3191	11.1489
ECNURUNA1	MB236	0.1031	1.0000	10.0000	1.0000
ECNURUNA1	MB246	0.0526	7.0000	9.0000	7.0000
ECNURUNA1	MB253	0.3333	14.0000	1.0000	14.0000
ECNURUNA1	MB255	0.0000	0.0000	0.0000	0.0000
ECNURUNA1	MB260	0.0000	13.0000	0.0000	13.0000
ECNURUNA1	MB262	0.0448	12.0000	3.0000	12.0000
ECNURUNA1	MB265	0.0345	15.0000	2.0000	15.0000
ECNURUNA1	MB278	0.1143	13.0000	4.0000	13.0000
ECNURUNA1	MB284	0.0980	12.0000	5.0000	12.0000
ECNURUNA1	MB287	0.1549	4.0000	11.0000	4.0000
ECNURUNA1	MB298	0.2500	7.0000	2.0000	7.0000
ECNURUNA1	MB305	0.3333	16.0000	1.0000	16.0000
ECNURUNA1	MB324	0.0000	6.0000	0.0000	6.0000
ECNURUNA1	MB326	0.1000	14.0000	2.0000	14.0000
ECNURUNA1	MB331	0.0000	19.0000	0.0000	19.0000
ECNURUNA1	MB339	0.3000	9.0000	3.0000	9.0000
ECNURUNA1	MB344	0.0196	2.0000	16.0000	2.0000
ECNURUNA1	MB348	0.0270	5.0000	1.0000	5.0000
ECNURUNA1	MB353	0.0000	3.0000	0.0000	3.0000
ECNURUNA1	MB359	0.0000	19.0000	0.0000	19.0000
ECNURUNA1	MB362	0.1273	7.0000	7.0000	7.0000
ECNURUNA1	MB366	0.1134	3.0000	11.0000	3.0000
ECNURUNA1	MB377	0.0000	5.0000	0.0000	5.0000
ECNURUNA1	MB379	0.0714	8.0000	2.0000	8.0000
ECNURUNA1	MB383	0.0625	16.0000	1.0000	16.0000
ECNURUNA1	MB384	0.0000	2.0000	0.0000	2.0000
ECNURUNA1	MB389	0.0000	19.0000	0.0000	19.0000
ECNURUNA1	MB392	0.0588	16.0000	1.0000	16.0000
ECNURUNA1	MB400	0.0460	15.0000	4.0000	15.0000
ECNURUNA1	MB401	0.0129	14.0000	4.0000	14.0000
ECNURUNA1	MB405	0.0000	4.0000	0.0000	4.0000
ECNURUNA1	MB409	0.0000	2.0000	0.0000	2.0000
ECNURUNA1	MB419	0.0893	6.0000	5.0000	6.0000
ECNURUNA1	MB432	0.1136	9.0000	5.0000	9.0000
ECNURUNA1	MB434	0.0109	13.0000	3.0000	13.0000
ECNURUNA1	MB439	0.0896	6.0000	6.0000	6.0000
ECNURUNA1	MB448	0.0000	5.0000	0.0000	5.0000
ECNURUNA1	AVG	0.0587	7.2553	2.5319	7.2553
ECNURUNA2	MB236	0.0825	1.0000	8.0000	1.0000
ECNURUNA2	MB246	0.0468	9.0000	8.0000	9.0000
ECNURUNA2	MB253	0.0000	15.0000	0.0000	15.0000
ECNURUNA2	MB255	0.0000	0.0000	0.0000	0.0000
ECNURUNA2	MB260	0.0000	7.0000	0.0000	7.0000
ECNURUNA2	MB262	0.0597	11.0000	4.0000	11.0000
ECNURUNA2	MB265	0.0690	11.0000	4.0000	11.0000
ECNURUNA2	MB278	0.1429	12.0000	5.0000	12.0000
ECNURUNA2	MB284	0.1176	11.0000	6.0000	11.0000
ECNURUNA2	MB287	0.1127	3.0000	8.0000	3.0000
ECNURUNA2	MB298	0.2500	7.0000	2.0000	7.0000
ECNURUNA2	MB305	0.0000	17.0000	0.0000	17.0000
ECNURUNA2	MB324	0.0000	4.0000	0.0000	4.0000
ECNURUNA2	MB326	0.0500	14.0000	1.0000	14.0000
ECNURUNA2	MB331	0.0400	16.0000	1.0000	16.0000
ECNURUNA2	MB339	0.1000	5.0000	1.0000	5.0000
ECNURUNA2	MB344	0.0196	3.0000	16.0000	3.0000
ECNURUNA2	MB348	0.0270	5.0000	1.0000	5.0000
ECNURUNA2	MB353	0.0000	3.0000	0.0000	3.0000
ECNURUNA2	MB359	0.0000	19.0000	0.0000	19.0000
ECNURUNA2	MB362	0.1091	8.0000	6.0000	8.0000
ECNURUNA2	MB366	0.1031	3.0000	10.0000	3.0000
ECNURUNA2	MB377	0.0000	5.0000	0.0000	5.0000
ECNURUNA2	MB379	0.0000	8.0000	0.0000	8.0000
ECNURUNA2	MB383	0.0625	16.0000	1.0000	16.0000
ECNURUNA2	MB384	0.0000	0.0000	0.0000	0.0000
ECNURUNA2	MB389	0.0588	18.0000	1.0000	18.0000
ECNURUNA2	MB392	0.0588	16.0000	1.0000	16.0000
ECNURUNA2	MB400	0.0345	16.0000	3.0000	16.0000
ECNURUNA2	MB401	0.0193	11.0000	6.0000	11.0000
ECNURUNA2	MB405	0.0000	4.0000	0.0000	4.0000
ECNURUNA2	MB409	0.0000	2.0000	0.0000	2.0000
ECNURUNA2	MB419	0.0893	6.0000	5.0000	6.0000
ECNURUNA2	MB432	0.1136	9.0000	5.0000	9.0000
ECNURUNA2	MB434	0.0036	15.0000	1.0000	15.0000
ECNURUNA2	MB439	0.0896	4.0000	6.0000	4.0000
ECNURUNA2	MB448	0.0000	4.0000	0.0000	4.0000
ECNURUNA2	AVG	0.0396	6.7660	2.3404	6.7660
ECNURUNA3	MB236	0.0928	2.0000	9.0000	2.0000
ECNURUNA3	MB246	0.0585	6.0000	10.0000	6.0000
ECNURUNA3	MB253	0.0000	15.0000	0.0000	15.0000
ECNURUNA3	MB260	0.0000	7.0000	0.0000	7.0000
ECNURUNA3	MB262	0.0597	7.0000	4.0000	7.0000
ECNURUNA3	MB265	0.0172	13.0000	1.0000	13.0000
ECNURUNA3	MB278	0.1714	11.0000	6.0000	11.0000
ECNURUNA3	MB284	0.0980	10.0000	5.0000	10.0000
ECNURUNA3	MB287	0.1268	2.0000	9.0000	2.0000
ECNURUNA3	MB298	0.2500	4.0000	2.0000	4.0000
ECNURUNA3	MB305	0.0000	17.0000	0.0000	17.0000
ECNURUNA3	MB324	0.0000	4.0000	0.0000	4.0000
ECNURUNA3	MB326	0.1000	13.0000	2.0000	13.0000
ECNURUNA3	MB331	0.0800	15.0000	2.0000	15.0000
ECNURUNA3	MB339	0.1000	5.0000	1.0000	5.0000
ECNURUNA3	MB344	0.0208	2.0000	17.0000	2.0000
ECNURUNA3	MB348	0.0270	5.0000	1.0000	5.0000
ECNURUNA3	MB353	0.0000	3.0000	0.0000	3.0000
ECNURUNA3	MB359	0.0000	19.0000	0.0000	19.0000
ECNURUNA3	MB362	0.1091	8.0000	6.0000	8.0000
ECNURUNA3	MB366	0.0825	4.0000	8.0000	4.0000
ECNURUNA3	MB377	0.0000	5.0000	0.0000	5.0000
ECNURUNA3	MB379	0.0357	9.0000	1.0000	9.0000
ECNURUNA3	MB383	0.0625	15.0000	1.0000	15.0000
ECNURUNA3	MB384	0.0000	0.0000	0.0000	0.0000
ECNURUNA3	MB389	0.1176	15.0000	2.0000	15.0000
ECNURUNA3	MB392	0.1176	14.0000	2.0000	14.0000
ECNURUNA3	MB400	0.0460	15.0000	4.0000	15.0000
ECNURUNA3	MB401	0.0193	13.0000	6.0000	13.0000
ECNURUNA3	MB405	0.0000	4.0000	0.0000	4.0000
ECNURUNA3	MB409	0.0000	2.0000	0.0000	2.0000
ECNURUNA3	MB419	0.0714	6.0000	4.0000	6.0000
ECNURUNA3	MB432	0.1136	9.0000	5.0000	9.0000
ECNURUNA3	MB434	0.0036	16.0000	1.0000	16.0000
ECNURUNA3	MB439	0.1045	3.0000	7.0000	3.0000
ECNURUNA3	MB448	0.0000	4.0000	0.0000	4.0000
ECNURUNA3	AVG	0.0444	6.4255	2.4681	6.4255
hpclab_pi_algA	MB228	0.0000	0.0000	0.0000	0.0000
hpclab_pi_algA	MB242	0.0000	0.0000	0.0000	0.0000
hpclab_pi_algA	MB243	0.0000	6.0000	0.0000	6.0000
hpclab_pi_algA	MB246	0.0000	15.0000	0.0000	15.0000
hpclab_pi_algA	MB253	0.0000	12.0000	0.0000	12.0000
hpclab_pi_algA	MB254	0.0000	4.0000	0.0000	4.0000
hpclab_pi_algA	MB255	0.0000	1.0000	0.0000	1.0000
hpclab_pi_algA	MB260	0.0000	15.0000	0.0000	15.0000
hpclab_pi_algA	MB267	0.0000	0.0000	0.0000	0.0000
hpclab_pi_algA	MB278	0.0000	1.0000	0.0000	1.0000
hpclab_pi_algA	MB284	0.0196	13.0000	1.0000	13.0000
hpclab_pi_algA	MB298	0.0000	10.0000	0.0000	10.0000
hpclab_pi_algA	MB326	0.0000	5.0000	0.0000	5.0000
hpclab_pi_algA	MB331	0.0000	9.0000	0.0000	9.0000
hpclab_pi_algA	MB344	0.0000	20.0000	0.0000	20.0000
hpclab_pi_algA	MB354	0.0000	13.0000	0.0000	13.0000
hpclab_pi_algA	MB359	0.0000	3.0000	0.0000	3.0000
hpclab_pi_algA	MB362	0.0000	1.0000	0.0000	1.0000
hpclab_pi_algA	MB366	0.0000	5.0000	0.0000	5.0000
hpclab_pi_algA	MB371	0.0000	20.0000	0.0000	20.0000
hpclab_pi_algA	MB383	0.0000	1.0000	0.0000	1.0000
hpclab_pi_algA	MB389	0.0000	7.0000	0.0000	7.0000
hpclab_pi_algA	MB392	0.0000	2.0000	0.0000	2.0000
hpclab_pi_algA	MB401	0.0000	12.0000	0.0000	12.0000
hpclab_pi_algA	MB405	0.0000	0.0000	0.0000	0.0000
hpclab_pi_algA	AVG	0.0004	3.7234	0.0213	3.7234
IRIT-KLTFIDF	MB228	0.0000	1.0000	0.0000	1.0000
IRIT-KLTFIDF	MB236	0.0825	0.0000	8.0000	0.0000
IRIT-KLTFIDF	MB242	0.0137	12.0000	1.0000	12.0000
IRIT-KLTFIDF	MB243	0.0000	2.0000	0.0000	2.0000
IRIT-KLTFIDF	MB246	0.0585	7.0000	10.0000	7.0000
IRIT-KLTFIDF	MB253	0.0000	1.0000	0.0000	1.0000
IRIT-KLTFIDF	MB260	0.0000	0.0000	0.0000	0.0000
IRIT-KLTFIDF	MB262	0.0448	0.0000	3.0000	0.0000
IRIT-KLTFIDF	MB267	0.0000	3.0000	0.0000	3.0000
IRIT-KLTFIDF	MB284	0.0000	1.0000	0.0000	1.0000
IRIT-KLTFIDF	MB287	0.0282	0.0000	2.0000	0.0000
IRIT-KLTFIDF	MB298	0.0000	1.0000	0.0000	1.0000
IRIT-KLTFIDF	MB305	0.6667	2.0000	2.0000	2.0000
IRIT-KLTFIDF	MB331	0.0400	8.0000	1.0000	8.0000
IRIT-KLTFIDF	MB339	0.0000	0.0000	0.0000	0.0000
IRIT-KLTFIDF	MB344	0.0196	2.0000	16.0000	2.0000
IRIT-KLTFIDF	MB348	0.0000	0.0000	0.0000	0.0000
IRIT-KLTFIDF	MB353	0.0000	0.0000	0.0000	0.0000
IRIT-KLTFIDF	MB354	0.2222	2.0000	4.0000	2.0000
IRIT-KLTFIDF	MB359	0.0000	14.0000	0.0000	14.0000
IRIT-KLTFIDF	MB366	0.0206	0.0000	2.0000	0.0000
IRIT-KLTFIDF	MB377	0.0833	1.0000	1.0000	1.0000
IRIT-KLTFIDF	MB383	0.0625	2.0000	1.0000	2.0000
IRIT-KLTFIDF	MB389	0.1765	3.0000	3.0000	3.0000
IRIT-KLTFIDF	MB400	0.0000	0.0000	0.0000	0.0000
IRIT-KLTFIDF	MB401	0.0161	2.0000	5.0000	2.0000
IRIT-KLTFIDF	MB432	0.0000	0.0000	0.0000	0.0000
IRIT-KLTFIDF	MB434	0.0036	2.0000	1.0000	2.0000
IRIT-KLTFIDF	MB439	0.0000	0.0000	0.0000	0.0000
IRIT-KLTFIDF	AVG	0.0327	1.4043	1.2766	1.4043
IRIT-RTNotif.33	MB228	0.0000	0.0000	0.0000	0.0000
IRIT-RTNotif.33	MB236	0.0206	0.0000	2.0000	0.0000
IRIT-RTNotif.33	MB242	0.0411	13.0000	3.0000	13.0000
IRIT-RTNotif.33	MB243	0.0504	3.0000	6.0000	3.0000
IRIT-RTNotif.33	MB246	0.0175	5.0000	3.0000	5.0000
IRIT-RTNotif.33	MB253	0.0000	0.0000	0.0000	0.0000
IRIT-RTNotif.33	MB254	0.0312	19.0000	1.0000	19.0000
IRIT-RTNotif.33	MB255	0.0000	9.0000	0.0000	9.0000
IRIT-RTNotif.33	MB260	0.0000	5.0000	0.0000	5.0000
IRIT-RTNotif.33	MB262	0.0000	0.0000	0.0000	0.0000
IRIT-RTNotif.33	MB265	0.0862	8.0000	5.0000	8.0000
IRIT-RTNotif.33	MB267	0.0256	1.0000	1.0000	1.0000
IRIT-RTNotif.33	MB278	0.0857	3.0000	3.0000	3.0000
IRIT-RTNotif.33	MB284	0.0196	12.0000	1.0000	12.0000
IRIT-RTNotif.33	MB287	0.0423	0.0000	3.0000	0.0000
IRIT-RTNotif.33	MB298	0.1250	3.0000	1.0000	3.0000
IRIT-RTNotif.33	MB305	0.0000	6.0000	0.0000	6.0000
IRIT-RTNotif.33	MB324	0.0000	5.0000	0.0000	5.0000
IRIT-RTNotif.33	MB326	0.1000	12.0000	2.0000	12.0000
IRIT-RTNotif.33	MB331	0.0800	16.0000	2.0000	16.0000
IRIT-RTNotif.33	MB339	0.3000	1.0000	3.0000	1.0000
IRIT-RTNotif.33	MB344	0.0220	0.0000	18.0000	0.0000
IRIT-RTNotif.33	MB353	0.0000	0.0000	0.0000	0.0000
IRIT-RTNotif.33	MB354	0.3889	8.0000	7.0000	8.0000
IRIT-RTNotif.33	MB357	0.0000	3.0000	0.0000	3.0000
IRIT-RTNotif.33	MB359	0.0000	20.0000	0.0000	20.0000
IRIT-RTNotif.33	MB362	0.0545	11.0000	3.0000	11.0000
IRIT-RTNotif.33	MB366	0.0515	5.0000	5.0000	5.0000
IRIT-RTNotif.33	MB371	0.0388	11.0000	4.0000	11.0000
IRIT-RTNotif.33	MB377	0.0000	0.0000	0.0000	0.0000
IRIT-RTNotif.33	MB379	0.0000	18.0000	0.0000	18.0000
IRIT-RTNotif.33	MB383	0.0000	4.0000	0.0000	4.0000
IRIT-RTNotif.33	MB389	0.0588	19.0000	1.0000	19.0000
IRIT-RTNotif.33	MB391	0.0000	0.0000	0.0000	0.0000
IRIT-RTNotif.33	MB392	0.0000	11.0000	0.0000	11.0000
IRIT-RTNotif.33	MB400	0.1034	2.0000	9.0000	2.0000
IRIT-RTNotif.33	MB401	0.0064	18.0000	2.0000	18.0000
IRIT-RTNotif.33	MB405	0.2000	11.0000	1.0000	11.0000
IRIT-RTNotif.33	MB409	0.2222	3.0000	2.0000	3.0000
IRIT-RTNotif.33	MB419	0.0357	1.0000	2.0000	1.0000
IRIT-RTNotif.33	MB432	0.0227	6.0000	1.0000	6.0000
IRIT-RTNotif.33	MB434	0.0000	3.0000	0.0000	3.0000
IRIT-RTNotif.33	MB439	0.0299	10.0000	2.0000	10.0000
IRIT-RTNotif.33	AVG	0.0481	6.0638	1.9787	6.0638
IritSigSDA	MB253	0.0000	15.0000	0.0000	15.0000
IritSigSDA	MB254	0.0000	18.0000	0.0000	18.0000
IritSigSDA	MB255	0.0000	1.0000	0.0000	1.0000
IritSigSDA	MB265	0.0172	6.0000	1.0000	6.0000
IritSigSDA	MB298	0.0000	0.0000	0.0000	0.0000
IritSigSDA	MB305	0.0000	2.0000	0.0000	2.0000
IritSigSDA	MB326	0.0000	2.0000	0.0000	2.0000
IritSigSDA	MB331	0.0000	2.0000	0.0000	2.0000
IritSigSDA	MB344	0.0000	0.0000	0.0000	0.0000
IritSigSDA	MB348	0.0000	0.0000	0.0000	0.0000
IritSigSDA	MB354	0.0000	16.0000	0.0000	16.0000
IritSigSDA	MB359	0.0000	16.0000	0.0000	16.0000
IritSigSDA	MB362	0.0182	2.0000	1.0000	2.0000
IritSigSDA	MB371	0.0097	0.0000	1.0000	0.0000
IritSigSDA	MB383	0.0000	8.0000	0.0000	8.0000
IritSigSDA	MB389	0.0000	2.0000	0.0000	2.0000
IritSigSDA	MB392	0.0000	2.0000	0.0000	2.0000
IritSigSDA	MB401	0.0129	16.0000	4.0000	16.0000
IritSigSDA	MB405	0.0000	0.0000	0.0000	0.0000
IritSigSDA	MB419	0.0000	0.0000	0.0000	0.0000
IritSigSDA	MB432	0.0000	11.0000	0.0000	11.0000
IritSigSDA	MB434	0.0000	13.0000	0.0000	13.0000
IritSigSDA	MB439	0.0000	1.0000	0.0000	1.0000
IritSigSDA	MB448	0.0000	1.0000	0.0000	1.0000
IritSigSDA	AVG	0.0012	2.8511	0.1489	2.8511
MPII_COMB_SORT	MB228	0.0000	20.0000	0.0000	20.0000
MPII_COMB_SORT	MB236	0.0928	11.0000	9.0000	11.0000
MPII_COMB_SORT	MB242	0.0548	15.0000	4.0000	15.0000
MPII_COMB_SORT	MB243	0.0336	16.0000	4.0000	16.0000
MPII_COMB_SORT	MB246	0.0351	14.0000	6.0000	14.0000
MPII_COMB_SORT	MB253	0.3333	19.0000	1.0000	19.0000
MPII_COMB_SORT	MB254	0.0312	19.0000	1.0000	19.0000
MPII_COMB_SORT	MB255	0.0000	18.0000	0.0000	18.0000
MPII_COMB_SORT	MB260	0.0000	20.0000	0.0000	20.0000
MPII_COMB_SORT	MB262	0.0448	17.0000	3.0000	17.0000
MPII_COMB_SORT	MB265	0.0172	19.0000	1.0000	19.0000
MPII_COMB_SORT	MB267	0.0513	17.0000	2.0000	17.0000
MPII_COMB_SORT	MB278	0.0286	19.0000	1.0000	19.0000
MPII_COMB_SORT	MB284	0.0392	18.0000	2.0000	18.0000
MPII_COMB_SORT	MB287	0.0423	17.0000	3.0000	17.0000
MPII_COMB_SORT	MB298	0.0000	18.0000	0.0000	18.0000
MPII_COMB_SORT	MB305	0.0000	20.0000	0.0000	20.0000
MPII_COMB_SORT	MB324	0.0000	19.0000	0.0000	19.0000
MPII_COMB_SORT	MB326	0.0000	20.0000	0.0000	20.0000
MPII_COMB_SORT	MB331	0.0800	17.0000	2.0000	17.0000
MPII_COMB_SORT	MB339	0.0000	20.0000	0.0000	20.0000
MPII_COMB_SORT	MB344	0.0220	0.0000	18.0000	0.0000
MPII_COMB_SORT	MB348	0.0270	16.0000	1.0000	16.0000
MPII_COMB_SORT	MB353	0.0000	18.0000	0.0000	18.0000
MPII_COMB_SORT	MB354	0.1111	18.0000	2.0000	18.0000
MPII_COMB_SORT	MB357	0.0000	20.0000	0.0000	20.0000
MPII_COMB_SORT	MB359	0.0000	18.0000	0.0000	18.0000
MPII_COMB_SORT	MB362	0.0182	19.0000	1.0000	19.0000
MPII_COMB_SORT	MB366	0.0206	18.0000	2.0000	18.0000
MPII_COMB_SORT	MB371	0.0485	15.0000	5.0000	15.0000
MPII_COMB_SORT	MB377	0.0833	19.0000	1.0000	19.0000
MPII_COMB_SORT	MB379	0.0000	20.0000	0.0000	20.0000
MPII_COMB_SORT	MB383	0.0625	19.0000	1.0000	19.0000
MPII_COMB_SORT	MB384	0.0714	19.0000	1.0000	19.0000
MPII_COMB_SORT	MB389	0.2353	13.0000	4.0000	13.0000
MPII_COMB_SORT	MB391	0.0267	18.0000	2.0000	18.0000
MPII_COMB_SORT	MB392	0.0000	19.0000	0.0000	19.0000
MPII_COMB_SORT	MB400	0.0115	19.0000	1.0000	19.0000
MPII_COMB_SORT	MB401	0.0257	12.0000	8.0000	12.0000
MPII_COMB_SORT	MB405	0.0000	20.0000	0.0000	20.0000
MPII_COMB_SORT	MB409	0.1111	19.0000	1.0000	19.0000
MPII_COMB_SORT	MB416	0.1250	19.0000	1.0000	19.0000
MPII_COMB_SORT	MB419	0.0179	19.0000	1.0000	19.0000
MPII_COMB_SORT	MB432	0.0000	20.0000	0.0000	20.0000
MPII_COMB_SORT	MB434	0.0072	18.0000	2.0000	18.0000
MPII_COMB_SORT	MB439	0.0000	20.0000	0.0000	20.0000
MPII_COMB_SORT	MB448	1.0000	16.0000	1.0000	16.0000
MPII_COMB_SORT	AVG	0.0619	17.5319	1.9574	17.5319
MPII_HYBRID_PW	MB228	0.0000	12.0000	0.0000	12.0000
MPII_HYBRID_PW	MB236	0.1031	4.0000	10.0000	4.0000
MPII_HYBRID_PW	MB242	0.0685	10.0000	5.0000	10.0000
MPII_HYBRID_PW	MB243	0.0420	9.0000	5.0000	9.0000
MPII_HYBRID_PW	MB246	0.0234	12.0000	4.0000	12.0000
MPII_HYBRID_PW	MB253	0.3333	14.0000	1.0000	14.0000
MPII_HYBRID_PW	MB254	0.0312	13.0000	1.0000	13.0000
MPII_HYBRID_PW	MB255	0.0667	12.0000	1.0000	12.0000
MPII_HYBRID_PW	MB260	0.0000	15.0000	0.0000	15.0000
MPII_HYBRID_PW	MB262	0.0299	8.0000	2.0000	8.0000
MPII_HYBRID_PW	MB265	0.0517	9.0000	3.0000	9.0000
MPII_HYBRID_PW	MB267	0.0000	15.0000	0.0000	15.0000
MPII_HYBRID_PW	MB278	0.0286	11.0000	1.0000	11.0000
MPII_HYBRID_PW	MB284	0.0196	11.0000	1.0000	11.0000
MPII_HYBRID_PW	MB287	0.0563	6.0000	4.0000	6.0000
MPII_HYBRID_PW	MB298	0.0000	15.0000	0.0000	15.0000
MPII_HYBRID_PW	MB305	0.3333	12.0000	1.0000	12.0000
MPII_HYBRID_PW	MB324	0.0000	7.0000	0.0000	7.0000
MPII_HYBRID_PW	MB326	0.0000	14.0000	0.0000	14.0000
MPII_HYBRID_PW	MB331	0.0400	13.0000	1.0000	13.0000
MPII_HYBRID_PW	MB339	0.2000	8.0000	2.0000	8.0000
MPII_HYBRID_PW	MB344	0.0183	0.0000	15.0000	0.0000
MPII_HYBRID_PW	MB348	0.0811	8.0000	3.0000	8.0000
MPII_HYBRID_PW	MB353	0.0000	10.0000	0.0000	10.0000
MPII_HYBRID_PW	MB354	0.0556	12.0000	1.0000	12.0000
MPII_HYBRID_PW	MB357	0.0000	11.0000	0.0000	11.0000
MPII_HYBRID_PW	MB359	0.0000	13.0000	0.0000	13.0000
MPII_HYBRID_PW	MB362	0.0545	9.0000	3.0000	9.0000
MPII_HYBRID_PW	MB366	0.0619	9.0000	6.0000	9.0000
MPII_HYBRID_PW	MB371	0.0388	3.0000	4.0000	3.0000
MPII_HYBRID_PW	MB377	0.0000	15.0000	0.0000	15.0000
MPII_HYBRID_PW	MB379	0.0000	12.0000	0.0000	12.0000
MPII_HYBRID_PW	MB383	0.0000	13.0000	0.0000	13.0000
MPII_HYBRID_PW	MB384	0.0000	14.0000	0.0000	14.0000
MPII_HYBRID_PW	MB389	0.1176	11.0000	2.0000	11.0000
MPII_HYBRID_PW	MB391	0.0000	10.0000	0.0000	10.0000
MPII_HYBRID_PW	MB392	0.0000	13.0000	0.0000	13.0000
MPII_HYBRID_PW	MB400	0.0460	8.0000	4.0000	8.0000
MPII_HYBRID_PW	MB401	0.0289	5.0000	9.0000	5.0000
MPII_HYBRID_PW	MB405	0.0000	11.0000	0.0000	11.0000
MPII_HYBRID_PW	MB409	0.0000	7.0000	0.0000	7.0000
MPII_HYBRID_PW	MB416	0.1250	12.0000	1.0000	12.0000
MPII_HYBRID_PW	MB419	0.0179	7.0000	1.0000	7.0000
MPII_HYBRID_PW	MB432	0.0227	9.0000	1.0000	9.0000
MPII_HYBRID_PW	MB434	0.0109	9.0000	3.0000	9.0000
MPII_HYBRID_PW	MB439	0.0000	11.0000	0.0000	11.0000
MPII_HYBRID_PW	MB448	1.0000	6.0000	1.0000	6.0000
MPII_HYBRID_PW	AVG	0.0661	10.1702	2.0426	10.1702
MPII_LUC_SORT	MB228	0.0000	20.0000	0.0000	20.0000
MPII_LUC_SORT	MB236	0.1031	9.0000	10.0000	9.0000
MPII_LUC_SORT	MB242	0.0685	13.0000	5.0000	13.0000
MPII_LUC_SORT	MB243	0.0420	13.0000	5.0000	13.0000
MPII_LUC_SORT	MB246	0.0351	14.0000	6.0000	14.0000
MPII_LUC_SORT	MB253	0.3333	19.0000	1.0000	19.0000
MPII_LUC_SORT	MB254	0.0312	19.0000	1.0000	19.0000
MPII_LUC_SORT	MB255	0.0000	18.0000	0.0000	18.0000
MPII_LUC_SORT	MB260	0.0000	18.0000	0.0000	18.0000
MPII_LUC_SORT	MB262	0.0597	14.0000	4.0000	14.0000
MPII_LUC_SORT	MB265	0.1034	11.0000	6.0000	11.0000
MPII_LUC_SORT	MB267	0.0769	15.0000	3.0000	15.0000
MPII_LUC_SORT	MB278	0.0286	17.0000	1.0000	17.0000
MPII_LUC_SORT	MB284	0.0588	13.0000	3.0000	13.0000
MPII_LUC_SORT	MB287	0.0986	13.0000	7.0000	13.0000
MPII_LUC_SORT	MB298	0.0000	17.0000	0.0000	17.0000
MPII_LUC_SORT	MB305	0.3333	17.0000	1.0000	17.0000
MPII_LUC_SORT	MB324	0.0000	17.0000	0.0000	17.0000
MPII_LUC_SORT	MB326	0.1000	18.0000	2.0000	18.0000
MPII_LUC_SORT	MB331	0.0400	17.0000	1.0000	17.0000
MPII_LUC_SORT	MB339	0.0000	18.0000	0.0000	18.0000
MPII_LUC_SORT	MB344	0.0220	0.0000	18.0000	0.0000
MPII_LUC_SORT	MB348	0.1081	12.0000	4.0000	12.0000
MPII_LUC_SORT	MB353	0.0000	17.0000	0.0000	17.0000
MPII_LUC_SORT	MB354	0.1111	18.0000	2.0000	18.0000
MPII_LUC_SORT	MB357	0.0000	20.0000	0.0000	20.0000
MPII_LUC_SORT	MB359	0.2500	16.0000	2.0000	16.0000
MPII_LUC_SORT	MB362	0.0364	18.0000	2.0000	18.0000
MPII_LUC_SORT	MB366	0.1031	9.0000	10.0000	9.0000
MPII_LUC_SORT	MB371	0.1068	7.0000	11.0000	7.0000
MPII_LUC_SORT	MB377	0.0000	20.0000	0.0000	20.0000
MPII_LUC_SORT	MB379	0.0357	17.0000	1.0000	17.0000
MPII_LUC_SORT	MB383	0.0000	17.0000	0.0000	17.0000
MPII_LUC_SORT	MB384	0.0000	19.0000	0.0000	19.0000
MPII_LUC_SORT	MB389	0.1176	13.0000	2.0000	13.0000
MPII_LUC_SORT	MB391	0.0000	18.0000	0.0000	18.0000
MPII_LUC_SORT	MB392	0.0000	20.0000	0.0000	20.0000
MPII_LUC_SORT	MB400	0.0345	15.0000	3.0000	15.0000
MPII_LUC_SORT	MB401	0.0322	6.0000	10.0000	6.0000
MPII_LUC_SORT	MB405	0.0000	18.0000	0.0000	18.0000
MPII_LUC_SORT	MB409	0.1111	16.0000	1.0000	16.0000
MPII_LUC_SORT	MB416	0.0000	18.0000	0.0000	18.0000
MPII_LUC_SORT	MB419	0.0536	15.0000	3.0000	15.0000
MPII_LUC_SORT	MB432	0.0682	14.0000	3.0000	14.0000
MPII_LUC_SORT	MB434	0.0072	16.0000	2.0000	16.0000
MPII_LUC_SORT	MB439	0.0000	18.0000	0.0000	18.0000
MPII_LUC_SORT	MB448	0.0000	15.0000	0.0000	15.0000
MPII_LUC_SORT	AVG	0.0577	15.3617	2.7660	15.3617
PKUICSTRunA1	MB228	0.0000	14.0000	0.0000	14.0000
PKUICSTRunA1	MB236	0.1031	3.0000	10.0000	3.0000
PKUICSTRunA1	MB242	0.0137	14.0000	1.0000	14.0000
PKUICSTRunA1	MB243	0.0756	4.0000	9.0000	4.0000
PKUICSTRunA1	MB246	0.0234	9.0000	4.0000	9.0000
PKUICSTRunA1	MB253	0.0000	18.0000	0.0000	18.0000
PKUICSTRunA1	MB254	0.0000	12.0000	0.0000	12.0000
PKUICSTRunA1	MB255	0.0667	14.0000	1.0000	14.0000
PKUICSTRunA1	MB260	0.0000	18.0000	0.0000	18.0000
PKUICSTRunA1	MB262	0.1045	9.0000	7.0000	9.0000
PKUICSTRunA1	MB265	0.0345	1.0000	2.0000	1.0000
PKUICSTRunA1	MB267	0.0256	14.0000	1.0000	14.0000
PKUICSTRunA1	MB278	0.0857	13.0000	3.0000	13.0000
PKUICSTRunA1	MB284	0.0784	10.0000	4.0000	10.0000
PKUICSTRunA1	MB287	0.0845	9.0000	6.0000	9.0000
PKUICSTRunA1	MB298	0.1250	14.0000	1.0000	14.0000
PKUICSTRunA1	MB305	0.0000	16.0000	0.0000	16.0000
PKUICSTRunA1	MB324	0.0000	16.0000	0.0000	16.0000
PKUICSTRunA1	MB326	0.0500	17.0000	1.0000	17.0000
PKUICSTRunA1	MB331	0.0000	13.0000	0.0000	13.0000
PKUICSTRunA1	MB339	0.0000	17.0000	0.0000	17.0000
PKUICSTRunA1	MB344	0.0000	0.0000	0.0000	0.0000
PKUICSTRunA1	MB348	0.0811	14.0000	3.0000	14.0000
PKUICSTRunA1	MB353	0.0000	18.0000	0.0000	18.0000
PKUICSTRunA1	MB354	0.0000	4.0000	0.0000	4.0000
PKUICSTRunA1	MB357	0.0000	17.0000	0.0000	17.0000
PKUICSTRunA1	MB359	0.0000	6.0000	0.0000	6.0000
PKUICSTRunA1	MB362	0.0545	13.0000	3.0000	13.0000
PKUICSTRunA1	MB366	0.0412	8.0000	4.0000	8.0000
PKUICSTRunA1	MB371	0.0874	5.0000	9.0000	5.0000
PKUICSTRunA1	MB377	0.2500	10.0000	3.0000	10.0000
PKUICSTRunA1	MB379	0.0000	18.0000	0.0000	18.0000
PKUICSTRunA1	MB383	0.0000	12.0000	0.0000	12.0000
PKUICSTRunA1	MB384	0.0714	17.0000	1.0000	17.0000
PKUICSTRunA1	MB389	0.1176	18.0000	2.0000	18.0000
PKUICSTRunA1	MB391	0.0933	7.0000	7.0000	7.0000
PKUICSTRunA1	MB392	0.0000	16.0000	0.0000	16.0000
PKUICSTRunA1	MB400	0.0230	5.0000	2.0000	5.0000
PKUICSTRunA1	MB401	0.0322	4.0000	10.0000	4.0000
PKUICSTRunA1	MB405	0.0000	17.0000	0.0000	17.0000
PKUICSTRunA1	MB409	0.1111	17.0000	1.0000	17.0000
PKUICSTRunA1	MB416	0.0000	16.0000	0.0000	16.0000
PKUICSTRunA1	MB419	0.0536	11.0000	3.0000	11.0000
PKUICSTRunA1	MB432	0.0227	17.0000	1.0000	17.0000
PKUICSTRunA1	MB434	0.0217	7.0000	6.0000	7.0000
PKUICSTRunA1	MB439	0.0448	15.0000	3.0000	15.0000
PKUICSTRunA1	MB448	0.0000	18.0000	0.0000	18.0000
PKUICSTRunA1	AVG	0.0421	12.0213	2.2979	12.0213
PKUICSTRunA2	MB228	0.0000	0.0000	0.0000	0.0000
PKUICSTRunA2	MB236	0.1237	3.0000	12.0000	3.0000
PKUICSTRunA2	MB242	0.0000	10.0000	0.0000	10.0000
PKUICSTRunA2	MB243	0.0420	2.0000	5.0000	2.0000
PKUICSTRunA2	MB246	0.0234	12.0000	4.0000	12.0000
PKUICSTRunA2	MB253	0.0000	9.0000	0.0000	9.0000
PKUICSTRunA2	MB254	0.0000	3.0000	0.0000	3.0000
PKUICSTRunA2	MB255	0.0000	1.0000	0.0000	1.0000
PKUICSTRunA2	MB260	0.0000	3.0000	0.0000	3.0000
PKUICSTRunA2	MB262	0.0448	0.0000	3.0000	0.0000
PKUICSTRunA2	MB267	0.0000	6.0000	0.0000	6.0000
PKUICSTRunA2	MB278	0.1143	8.0000	4.0000	8.0000
PKUICSTRunA2	MB284	0.0588	11.0000	3.0000	11.0000
PKUICSTRunA2	MB287	0.0986	2.0000	7.0000	2.0000
PKUICSTRunA2	MB298	0.0000	9.0000	0.0000	9.0000
PKUICSTRunA2	MB305	0.0000	11.0000	0.0000	11.0000
PKUICSTRunA2	MB324	0.0000	3.0000	0.0000	3.0000
PKUICSTRunA2	MB326	0.1500	5.0000	3.0000	5.0000
PKUICSTRunA2	MB331	0.1600	14.0000	4.0000	14.0000
PKUICSTRunA2	MB339	0.3000	2.0000	3.0000	2.0000
PKUICSTRunA2	MB344	0.0159	1.0000	13.0000	1.0000
PKUICSTRunA2	MB348	0.0541	5.0000	2.0000	5.0000
PKUICSTRunA2	MB353	0.0000	0.0000	0.0000	0.0000
PKUICSTRunA2	MB354	0.1667	12.0000	3.0000	12.0000
PKUICSTRunA2	MB357	0.0000	1.0000	0.0000	1.0000
PKUICSTRunA2	MB359	0.0000	17.0000	0.0000	17.0000
PKUICSTRunA2	MB362	0.0909	6.0000	5.0000	6.0000
PKUICSTRunA2	MB366	0.0309	11.0000	3.0000	11.0000
PKUICSTRunA2	MB371	0.0680	8.0000	7.0000	8.0000
PKUICSTRunA2	MB379	0.0000	0.0000	0.0000	0.0000
PKUICSTRunA2	MB383	0.0000	1.0000	0.0000	1.0000
PKUICSTRunA2	MB384	0.1429	15.0000	2.0000	15.0000
PKUICSTRunA2	MB389	0.2941	7.0000	5.0000	7.0000
PKUICSTRunA2	MB391	0.0133	1.0000	1.0000	1.0000
PKUICSTRunA2	MB392	0.0000	1.0000	0.0000	1.0000
PKUICSTRunA2	MB400	0.1034	9.0000	9.0000	9.0000
PKUICSTRunA2	MB401	0.0225	8.0000	7.0000	8.0000
PKUICSTRunA2	MB405	0.0000	0.0000	0.0000	0.0000
PKUICSTRunA2	MB409	0.0000	12.0000	0.0000	12.0000
PKUICSTRunA2	MB416	0.0000	1.0000	0.0000	1.0000
PKUICSTRunA2	MB419	0.0714	0.0000	4.0000	0.0000
PKUICSTRunA2	MB432	0.0682	3.0000	3.0000	3.0000
PKUICSTRunA2	MB434	0.0217	12.0000	6.0000	12.0000
PKUICSTRunA2	MB439	0.0597	4.0000	4.0000	4.0000
PKUICSTRunA2	MB448	1.0000	0.0000	1.0000	0.0000
PKUICSTRunA2	AVG	0.0710	5.2979	2.6170	5.2979
PKUICSTRunA3	MB228	0.0000	16.0000	0.0000	16.0000
PKUICSTRunA3	MB236	0.1443	2.0000	14.0000	2.0000
PKUICSTRunA3	MB242	0.0137	14.0000	1.0000	14.0000
PKUICSTRunA3	MB243	0.0588	6.0000	7.0000	6.0000
PKUICSTRunA3	MB246	0.0175	10.0000	3.0000	10.0000
PKUICSTRunA3	MB253	0.0000	18.0000	0.0000	18.0000
PKUICSTRunA3	MB254	0.0000	18.0000	0.0000	18.0000
PKUICSTRunA3	MB255	0.0667	15.0000	1.0000	15.0000
PKUICSTRunA3	MB260	0.0000	18.0000	0.0000	18.0000
PKUICSTRunA3	MB262	0.1194	8.0000	8.0000	8.0000
PKUICSTRunA3	MB265	0.0345	2.0000	2.0000	2.0000
PKUICSTRunA3	MB267	0.0000	15.0000	0.0000	15.0000
PKUICSTRunA3	MB278	0.1429	11.0000	5.0000	11.0000
PKUICSTRunA3	MB284	0.0784	11.0000	4.0000	11.0000
PKUICSTRunA3	MB287	0.1127	9.0000	8.0000	9.0000
PKUICSTRunA3	MB298	0.2500	14.0000	2.0000	14.0000
PKUICSTRunA3	MB305	0.0000	18.0000	0.0000	18.0000
PKUICSTRunA3	MB324	0.0000	16.0000	0.0000	16.0000
PKUICSTRunA3	MB326	0.1500	14.0000	3.0000	14.0000
PKUICSTRunA3	MB331	0.0400	13.0000	1.0000	13.0000
PKUICSTRunA3	MB339	0.0000	16.0000	0.0000	16.0000
PKUICSTRunA3	MB344	0.0012	0.0000	1.0000	0.0000
PKUICSTRunA3	MB348	0.0541	15.0000	2.0000	15.0000
PKUICSTRunA3	MB353	0.0000	18.0000	0.0000	18.0000
PKUICSTRunA3	MB354	0.1111	11.0000	2.0000	11.0000
PKUICSTRunA3	MB357	0.1429	17.0000	1.0000	17.0000
PKUICSTRunA3	MB359	0.0000	10.0000	0.0000	10.0000
PKUICSTRunA3	MB362	0.0727	13.0000	4.0000	13.0000
PKUICSTRunA3	MB366	0.0722	6.0000	7.0000	6.0000
PKUICSTRunA3	MB371	0.0874	6.0000	9.0000	6.0000
PKUICSTRunA3	MB377	0.2500	10.0000	3.0000	10.0000
PKUICSTRunA3	MB379	0.0000	18.0000	0.0000	18.0000
PKUICSTRunA3	MB383	0.0000	14.0000	0.0000	14.0000
PKUICSTRunA3	MB384	0.1429	16.0000	2.0000	16.0000
PKUICSTRunA3	MB389	0.0588	19.0000	1.0000	19.0000
PKUICSTRunA3	MB391	0.0800	9.0000	6.0000	9.0000
PKUICSTRunA3	MB392	0.0000	16.0000	0.0000	16.0000
PKUICSTRunA3	MB400	0.0230	6.0000	2.0000	6.0000
PKUICSTRunA3	MB401	0.0354	7.0000	11.0000	7.0000
PKUICSTRunA3	MB405	0.0000	17.0000	0.0000	17.0000
PKUICSTRunA3	MB409	0.0000	20.0000	0.0000	20.0000
PKUICSTRunA3	MB416	0.0000	17.0000	0.0000	17.0000
PKUICSTRunA3	MB419	0.1250	9.0000	7.0000	9.0000
PKUICSTRunA3	MB432	0.0227	17.0000	1.0000	17.0000
PKUICSTRunA3	MB434	0.0181	10.0000	5.0000	10.0000
PKUICSTRunA3	MB439	0.0149	17.0000	1.0000	17.0000
PKUICSTRunA3	MB448	0.0000	20.0000	0.0000	20.0000
PKUICSTRunA3	AVG	0.0541	12.8085	2.6383	12.8085
prnaTaskA1	MB236	0.0103	0.0000	1.0000	0.0000
prnaTaskA1	MB242	0.0548	2.0000	4.0000	2.0000
prnaTaskA1	MB243	0.0084	1.0000	1.0000	1.0000
prnaTaskA1	MB246	0.0409	8.0000	7.0000	8.0000
prnaTaskA1	MB253	0.0000	18.0000	0.0000	18.0000
prnaTaskA1	MB254	0.0000	2.0000	0.0000	2.0000
prnaTaskA1	MB260	0.0000	6.0000	0.0000	6.0000
prnaTaskA1	MB262	0.0149	2.0000	1.0000	2.0000
prnaTaskA1	MB265	0.0172	0.0000	1.0000	0.0000
prnaTaskA1	MB267	0.0000	5.0000	0.0000	5.0000
prnaTaskA1	MB278	0.1143	2.0000	4.0000	2.0000
prnaTaskA1	MB284	0.0196	2.0000	1.0000	2.0000
prnaTaskA1	MB287	0.0423	0.0000	3.0000	0.0000
prnaTaskA1	MB298	0.1250	0.0000	1.0000	0.0000
prnaTaskA1	MB305	0.0000	11.0000	0.0000	11.0000
prnaTaskA1	MB331	0.1200	13.0000	3.0000	13.0000
prnaTaskA1	MB339	0.0000	1.0000	0.0000	1.0000
prnaTaskA1	MB344	0.0220	0.0000	18.0000	0.0000
prnaTaskA1	MB353	0.0000	0.0000	0.0000	0.0000
prnaTaskA1	MB354	0.0556	2.0000	1.0000	2.0000
prnaTaskA1	MB359	0.0000	18.0000	0.0000	18.0000
prnaTaskA1	MB362	0.0000	0.0000	0.0000	0.0000
prnaTaskA1	MB366	0.0000	0.0000	0.0000	0.0000
prnaTaskA1	MB377	0.0000	0.0000	0.0000	0.0000
prnaTaskA1	MB401	0.0032	1.0000	1.0000	1.0000
prnaTaskA1	MB409	0.0000	4.0000	0.0000	4.0000
prnaTaskA1	MB416	0.0000	3.0000	0.0000	3.0000
prnaTaskA1	MB419	0.0357	2.0000	2.0000	2.0000
prnaTaskA1	MB432	0.0000	0.0000	0.0000	0.0000
prnaTaskA1	MB439	0.0000	0.0000	0.0000	0.0000
prnaTaskA1	AVG	0.0146	2.1915	1.0426	2.1915
prnaTaskA2	MB236	0.0000	0.0000	0.0000	0.0000
prnaTaskA2	MB242	0.0411	1.0000	3.0000	1.0000
prnaTaskA2	MB243	0.0084	1.0000	1.0000	1.0000
prnaTaskA2	MB246	0.0292	10.0000	5.0000	10.0000
prnaTaskA2	MB253	0.3333	11.0000	1.0000	11.0000
prnaTaskA2	MB254	0.0000	0.0000	0.0000	0.0000
prnaTaskA2	MB260	0.0000	3.0000	0.0000	3.0000
prnaTaskA2	MB262	0.0149	2.0000	1.0000	2.0000
prnaTaskA2	MB267	0.0000	3.0000	0.0000	3.0000
prnaTaskA2	MB278	0.1143	2.0000	4.0000	2.0000
prnaTaskA2	MB284	0.0196	0.0000	1.0000	0.0000
prnaTaskA2	MB287	0.0423	0.0000	3.0000	0.0000
prnaTaskA2	MB298	0.0000	0.0000	0.0000	0.0000
prnaTaskA2	MB305	0.3333	8.0000	1.0000	8.0000
prnaTaskA2	MB331	0.0400	4.0000	1.0000	4.0000
prnaTaskA2	MB339	0.0000	1.0000	0.0000	1.0000
prnaTaskA2	MB344	0.0208	0.0000	17.0000	0.0000
prnaTaskA2	MB353	0.0000	0.0000	0.0000	0.0000
prnaTaskA2	MB354	0.0000	1.0000	0.0000	1.0000
prnaTaskA2	MB359	0.0000	16.0000	0.0000	16.0000
prnaTaskA2	MB366	0.0000	0.0000	0.0000	0.0000
prnaTaskA2	MB377	0.0000	0.0000	0.0000	0.0000
prnaTaskA2	MB401	0.0032	1.0000	1.0000	1.0000
prnaTaskA2	MB409	0.0000	0.0000	0.0000	0.0000
prnaTaskA2	MB416	0.0000	1.0000	0.0000	1.0000
prnaTaskA2	MB419	0.0357	1.0000	2.0000	1.0000
prnaTaskA2	MB432	0.0000	0.0000	0.0000	0.0000
prnaTaskA2	MB439	0.0000	0.0000	0.0000	0.0000
prnaTaskA2	AVG	0.0220	1.4043	0.8723	1.4043
prnaTaskA3	MB236	0.0000	0.0000	0.0000	0.0000
prnaTaskA3	MB242	0.0274	1.0000	2.0000	1.0000
prnaTaskA3	MB243	0.0084	0.0000	1.0000	0.0000
prnaTaskA3	MB246	0.0175	12.0000	3.0000	12.0000
prnaTaskA3	MB253	0.3333	11.0000	1.0000	11.0000
prnaTaskA3	MB254	0.0000	0.0000	0.0000	0.0000
prnaTaskA3	MB260	0.0000	2.0000	0.0000	2.0000
prnaTaskA3	MB262	0.0000	1.0000	0.0000	1.0000
prnaTaskA3	MB267	0.0000	4.0000	0.0000	4.0000
prnaTaskA3	MB278	0.0571	2.0000	2.0000	2.0000
prnaTaskA3	MB284	0.0000	0.0000	0.0000	0.0000
prnaTaskA3	MB287	0.0141	0.0000	1.0000	0.0000
prnaTaskA3	MB298	0.0000	0.0000	0.0000	0.0000
prnaTaskA3	MB305	0.0000	4.0000	0.0000	4.0000
prnaTaskA3	MB331	0.0000	4.0000	0.0000	4.0000
prnaTaskA3	MB339	0.0000	1.0000	0.0000	1.0000
prnaTaskA3	MB344	0.0183	0.0000	15.0000	0.0000
prnaTaskA3	MB353	0.0000	0.0000	0.0000	0.0000
prnaTaskA3	MB354	0.0000	2.0000	0.0000	2.0000
prnaTaskA3	MB359	0.0000	16.0000	0.0000	16.0000
prnaTaskA3	MB366	0.0000	0.0000	0.0000	0.0000
prnaTaskA3	MB377	0.0000	0.0000	0.0000	0.0000
prnaTaskA3	MB400	0.0000	0.0000	0.0000	0.0000
prnaTaskA3	MB401	0.0032	1.0000	1.0000	1.0000
prnaTaskA3	MB409	0.0000	0.0000	0.0000	0.0000
prnaTaskA3	MB419	0.0179	0.0000	1.0000	0.0000
prnaTaskA3	MB432	0.0000	0.0000	0.0000	0.0000
prnaTaskA3	MB439	0.0000	0.0000	0.0000	0.0000
prnaTaskA3	AVG	0.0106	1.2979	0.5745	1.2979
QUBaseline	MB236	0.0000	0.0000	0.0000	0.0000
QUBaseline	MB242	0.0000	2.0000	0.0000	2.0000
QUBaseline	MB243	0.0084	0.0000	1.0000	0.0000
QUBaseline	MB246	0.0000	5.0000	0.0000	5.0000
QUBaseline	MB253	0.0000	0.0000	0.0000	0.0000
QUBaseline	MB254	0.0000	18.0000	0.0000	18.0000
QUBaseline	MB255	0.0000	0.0000	0.0000	0.0000
QUBaseline	MB260	0.0000	1.0000	0.0000	1.0000
QUBaseline	MB262	0.0597	2.0000	4.0000	2.0000
QUBaseline	MB265	0.0000	0.0000	0.0000	0.0000
QUBaseline	MB267	0.0000	1.0000	0.0000	1.0000
QUBaseline	MB278	0.0286	6.0000	1.0000	6.0000
QUBaseline	MB284	0.0196	2.0000	1.0000	2.0000
QUBaseline	MB287	0.0986	3.0000	7.0000	3.0000
QUBaseline	MB298	0.0000	0.0000	0.0000	0.0000
QUBaseline	MB305	0.0000	2.0000	0.0000	2.0000
QUBaseline	MB324	0.0000	0.0000	0.0000	0.0000
QUBaseline	MB326	0.0000	5.0000	0.0000	5.0000
QUBaseline	MB331	0.0000	16.0000	0.0000	16.0000
QUBaseline	MB339	0.2000	2.0000	2.0000	2.0000
QUBaseline	MB344	0.0024	1.0000	2.0000	1.0000
QUBaseline	MB348	0.0000	0.0000	0.0000	0.0000
QUBaseline	MB353	0.0000	0.0000	0.0000	0.0000
QUBaseline	MB354	0.0000	19.0000	0.0000	19.0000
QUBaseline	MB359	0.0000	20.0000	0.0000	20.0000
QUBaseline	MB362	0.0909	8.0000	5.0000	8.0000
QUBaseline	MB366	0.0206	4.0000	2.0000	4.0000
QUBaseline	MB371	0.0583	10.0000	6.0000	10.0000
QUBaseline	MB377	0.0000	1.0000	0.0000	1.0000
QUBaseline	MB379	0.0000	2.0000	0.0000	2.0000
QUBaseline	MB383	0.0000	1.0000	0.0000	1.0000
QUBaseline	MB389	0.0000	6.0000	0.0000	6.0000
QUBaseline	MB391	0.0000	2.0000	0.0000	2.0000
QUBaseline	MB392	0.0000	7.0000	0.0000	7.0000
QUBaseline	MB400	0.0230	1.0000	2.0000	1.0000
QUBaseline	MB401	0.0129	14.0000	4.0000	14.0000
QUBaseline	MB405	0.0000	0.0000	0.0000	0.0000
QUBaseline	MB409	0.0000	0.0000	0.0000	0.0000
QUBaseline	MB419	0.0179	0.0000	1.0000	0.0000
QUBaseline	MB432	0.1136	6.0000	5.0000	6.0000
QUBaseline	MB434	0.0000	2.0000	0.0000	2.0000
QUBaseline	MB439	0.0448	4.0000	3.0000	4.0000
QUBaseline	AVG	0.0170	3.6809	0.9787	3.6809
QUDynExp	MB236	0.0206	0.0000	2.0000	0.0000
QUDynExp	MB242	0.0274	12.0000	2.0000	12.0000
QUDynExp	MB243	0.0000	4.0000	0.0000	4.0000
QUDynExp	MB246	0.0117	12.0000	2.0000	12.0000
QUDynExp	MB253	0.0000	11.0000	0.0000	11.0000
QUDynExp	MB254	0.0000	13.0000	0.0000	13.0000
QUDynExp	MB255	0.0000	17.0000	0.0000	17.0000
QUDynExp	MB260	0.0000	6.0000	0.0000	6.0000
QUDynExp	MB262	0.0149	18.0000	1.0000	18.0000
QUDynExp	MB265	0.0000	13.0000	0.0000	13.0000
QUDynExp	MB267	0.0000	1.0000	0.0000	1.0000
QUDynExp	MB278	0.1714	9.0000	6.0000	9.0000
QUDynExp	MB284	0.0196	16.0000	1.0000	16.0000
QUDynExp	MB287	0.0845	9.0000	6.0000	9.0000
QUDynExp	MB298	0.0000	6.0000	0.0000	6.0000
QUDynExp	MB305	0.0000	13.0000	0.0000	13.0000
QUDynExp	MB324	0.0000	1.0000	0.0000	1.0000
QUDynExp	MB326	0.1000	15.0000	2.0000	15.0000
QUDynExp	MB331	0.0000	19.0000	0.0000	19.0000
QUDynExp	MB339	0.4000	3.0000	4.0000	3.0000
QUDynExp	MB344	0.0024	1.0000	2.0000	1.0000
QUDynExp	MB348	0.0541	8.0000	2.0000	8.0000
QUDynExp	MB353	0.0000	2.0000	0.0000	2.0000
QUDynExp	MB354	0.0000	20.0000	0.0000	20.0000
QUDynExp	MB357	0.0000	1.0000	0.0000	1.0000
QUDynExp	MB359	0.0000	18.0000	0.0000	18.0000
QUDynExp	MB362	0.0909	10.0000	5.0000	10.0000
QUDynExp	MB366	0.0206	14.0000	2.0000	14.0000
QUDynExp	MB371	0.0000	17.0000	0.0000	17.0000
QUDynExp	MB377	0.0000	12.0000	0.0000	12.0000
QUDynExp	MB379	0.0000	9.0000	0.0000	9.0000
QUDynExp	MB383	0.0000	9.0000	0.0000	9.0000
QUDynExp	MB384	0.0000	1.0000	0.0000	1.0000
QUDynExp	MB389	0.1176	14.0000	2.0000	14.0000
QUDynExp	MB391	0.0000	3.0000	0.0000	3.0000
QUDynExp	MB392	0.0000	17.0000	0.0000	17.0000
QUDynExp	MB400	0.0345	3.0000	3.0000	3.0000
QUDynExp	MB401	0.0000	17.0000	0.0000	17.0000
QUDynExp	MB405	0.0000	4.0000	0.0000	4.0000
QUDynExp	MB409	0.0000	3.0000	0.0000	3.0000
QUDynExp	MB419	0.0179	1.0000	1.0000	1.0000
QUDynExp	MB432	0.0227	10.0000	1.0000	10.0000
QUDynExp	MB434	0.0072	5.0000	2.0000	5.0000
QUDynExp	MB439	0.0597	9.0000	4.0000	9.0000
QUDynExp	AVG	0.0272	8.6383	1.0638	8.6383
QUDyn	MB236	0.0000	4.0000	0.0000	4.0000
QUDyn	MB242	0.0274	12.0000	2.0000	12.0000
QUDyn	MB243	0.0000	9.0000	0.0000	9.0000
QUDyn	MB246	0.0117	14.0000	2.0000	14.0000
QUDyn	MB253	0.0000	13.0000	0.0000	13.0000
QUDyn	MB254	0.0000	16.0000	0.0000	16.0000
QUDyn	MB255	0.0000	15.0000	0.0000	15.0000
QUDyn	MB260	0.0000	6.0000	0.0000	6.0000
QUDyn	MB262	0.0149	18.0000	1.0000	18.0000
QUDyn	MB265	0.0000	17.0000	0.0000	17.0000
QUDyn	MB267	0.0000	2.0000	0.0000	2.0000
QUDyn	MB278	0.1429	10.0000	5.0000	10.0000
QUDyn	MB284	0.0000	17.0000	0.0000	17.0000
QUDyn	MB287	0.1268	7.0000	9.0000	7.0000
QUDyn	MB298	0.1250	6.0000	1.0000	6.0000
QUDyn	MB305	0.0000	12.0000	0.0000	12.0000
QUDyn	MB324	0.0000	3.0000	0.0000	3.0000
QUDyn	MB326	0.0500	14.0000	1.0000	14.0000
QUDyn	MB331	0.0000	18.0000	0.0000	18.0000
QUDyn	MB339	0.4000	3.0000	4.0000	3.0000
QUDyn	MB344	0.0073	7.0000	6.0000	7.0000
QUDyn	MB348	0.0270	9.0000	1.0000	9.0000
QUDyn	MB353	0.0000	2.0000	0.0000	2.0000
QUDyn	MB354	0.0000	20.0000	0.0000	20.0000
QUDyn	MB357	0.0000	1.0000	0.0000	1.0000
QUDyn	MB359	0.0000	18.0000	0.0000	18.0000
QUDyn	MB362	0.0909	10.0000	5.0000	10.0000
QUDyn	MB366	0.0412	7.0000	4.0000	7.0000
QUDyn	MB371	0.0485	13.0000	5.0000	13.0000
QUDyn	MB377	0.0000	8.0000	0.0000	8.0000
QUDyn	MB379	0.0000	9.0000	0.0000	9.0000
QUDyn	MB383	0.0000	9.0000	0.0000	9.0000
QUDyn	MB384	0.0000	1.0000	0.0000	1.0000
QUDyn	MB389	0.1765	13.0000	3.0000	13.0000
QUDyn	MB391	0.0000	3.0000	0.0000	3.0000
QUDyn	MB392	0.0000	15.0000	0.0000	15.0000
QUDyn	MB400	0.0690	3.0000	6.0000	3.0000
QUDyn	MB401	0.0000	17.0000	0.0000	17.0000
QUDyn	MB405	0.0000	3.0000	0.0000	3.0000
QUDyn	MB409	0.0000	4.0000	0.0000	4.0000
QUDyn	MB419	0.0179	1.0000	1.0000	1.0000
QUDyn	MB432	0.0909	8.0000	4.0000	8.0000
QUDyn	MB434	0.0072	5.0000	2.0000	5.0000
QUDyn	MB439	0.0299	12.0000	2.0000	12.0000
QUDyn	AVG	0.0320	8.8085	1.3617	8.8085
SNACSA	MB228	0.6667	0.0000	2.0000	0.0000
SNACSA	MB236	0.0412	0.0000	4.0000	0.0000
SNACSA	MB242	0.0137	19.0000	1.0000	19.0000
SNACSA	MB243	0.0672	12.0000	8.0000	12.0000
SNACSA	MB246	0.0409	11.0000	7.0000	11.0000
SNACSA	MB253	0.0000	20.0000	0.0000	20.0000
SNACSA	MB254	0.0000	20.0000	0.0000	20.0000
SNACSA	MB255	0.0667	0.0000	1.0000	0.0000
SNACSA	MB262	0.1791	3.0000	12.0000	3.0000
SNACSA	MB265	0.1207	12.0000	7.0000	12.0000
SNACSA	MB267	0.0000	20.0000	0.0000	20.0000
SNACSA	MB278	0.0857	9.0000	3.0000	9.0000
SNACSA	MB284	0.0588	13.0000	3.0000	13.0000
SNACSA	MB287	0.1549	2.0000	11.0000	2.0000
SNACSA	MB298	0.1250	3.0000	1.0000	3.0000
SNACSA	MB305	0.0000	1.0000	0.0000	1.0000
SNACSA	MB326	0.0500	0.0000	1.0000	0.0000
SNACSA	MB339	0.2000	1.0000	2.0000	1.0000
SNACSA	MB344	0.0232	0.0000	19.0000	0.0000
SNACSA	MB348	0.0000	0.0000	0.0000	0.0000
SNACSA	MB353	0.0000	0.0000	0.0000	0.0000
SNACSA	MB354	0.2222	14.0000	4.0000	14.0000
SNACSA	MB357	0.0000	2.0000	0.0000	2.0000
SNACSA	MB359	0.0000	16.0000	0.0000	16.0000
SNACSA	MB362	0.1455	4.0000	8.0000	4.0000
SNACSA	MB366	0.0722	12.0000	7.0000	12.0000
SNACSA	MB371	0.0583	5.0000	6.0000	5.0000
SNACSA	MB379	0.0357	0.0000	1.0000	0.0000
SNACSA	MB384	0.0000	13.0000	0.0000	13.0000
SNACSA	MB389	0.2353	5.0000	4.0000	5.0000
SNACSA	MB391	0.0667	5.0000	5.0000	5.0000
SNACSA	MB392	0.0588	16.0000	1.0000	16.0000
SNACSA	MB400	0.1149	7.0000	10.0000	7.0000
SNACSA	MB401	0.0482	2.0000	15.0000	2.0000
SNACSA	MB405	0.2000	1.0000	1.0000	1.0000
SNACSA	MB416	0.1250	3.0000	1.0000	3.0000
SNACSA	MB419	0.1429	2.0000	8.0000	2.0000
SNACSA	MB432	0.1591	5.0000	7.0000	5.0000
SNACSA	MB434	0.0290	10.0000	8.0000	10.0000
SNACSA	MB439	0.0597	4.0000	4.0000	4.0000
SNACSA	MB448	1.0000	0.0000	1.0000	0.0000
SNACSA	AVG	0.0993	5.7872	3.6809	5.7872
SNACS_LA	MB228	0.0000	0.0000	0.0000	0.0000
SNACS_LA	MB242	0.0137	11.0000	1.0000	11.0000
SNACS_LA	MB243	0.0252	0.0000	3.0000	0.0000
SNACS_LA	MB246	0.0468	9.0000	8.0000	9.0000
SNACS_LA	MB255	0.0667	0.0000	1.0000	0.0000
SNACS_LA	MB262	0.0149	0.0000	1.0000	0.0000
SNACS_LA	MB265	0.0345	13.0000	2.0000	13.0000
SNACS_LA	MB278	0.0286	2.0000	1.0000	2.0000
SNACS_LA	MB284	0.0784	8.0000	4.0000	8.0000
SNACS_LA	MB287	0.0282	0.0000	2.0000	0.0000
SNACS_LA	MB298	0.1250	0.0000	1.0000	0.0000
SNACS_LA	MB305	0.0000	1.0000	0.0000	1.0000
SNACS_LA	MB339	0.0000	0.0000	0.0000	0.0000
SNACS_LA	MB344	0.0086	0.0000	7.0000	0.0000
SNACS_LA	MB348	0.0000	0.0000	0.0000	0.0000
SNACS_LA	MB354	0.4444	6.0000	8.0000	6.0000
SNACS_LA	MB357	0.0000	1.0000	0.0000	1.0000
SNACS_LA	MB366	0.0412	13.0000	4.0000	13.0000
SNACS_LA	MB371	0.0097	0.0000	1.0000	0.0000
SNACS_LA	MB379	0.0000	0.0000	0.0000	0.0000
SNACS_LA	MB384	0.0000	1.0000	0.0000	1.0000
SNACS_LA	MB391	0.0000	0.0000	0.0000	0.0000
SNACS_LA	MB392	0.0588	2.0000	1.0000	2.0000
SNACS_LA	MB400	0.0000	1.0000	0.0000	1.0000
SNACS_LA	MB401	0.0418	0.0000	13.0000	0.0000
SNACS_LA	MB416	0.0000	0.0000	0.0000	0.0000
SNACS_LA	MB419	0.0179	0.0000	1.0000	0.0000
SNACS_LA	MB434	0.0217	10.0000	6.0000	10.0000
SNACS_LA	MB448	0.0000	0.0000	0.0000	0.0000
SNACS_LA	AVG	0.0235	1.6596	1.3830	1.6596
udelRun1A	MB228	0.0000	0.0000	0.0000	0.0000
udelRun1A	MB236	0.0309	0.0000	3.0000	0.0000
udelRun1A	MB242	0.0685	11.0000	5.0000	11.0000
udelRun1A	MB243	0.0504	12.0000	6.0000	12.0000
udelRun1A	MB246	0.0351	10.0000	6.0000	10.0000
udelRun1A	MB253	0.0000	9.0000	0.0000	9.0000
udelRun1A	MB254	0.0000	9.0000	0.0000	9.0000
udelRun1A	MB255	0.0000	18.0000	0.0000	18.0000
udelRun1A	MB260	0.0000	2.0000	0.0000	2.0000
udelRun1A	MB262	0.0000	3.0000	0.0000	3.0000
udelRun1A	MB265	0.0172	14.0000	1.0000	14.0000
udelRun1A	MB267	0.0256	3.0000	1.0000	3.0000
udelRun1A	MB278	0.1429	5.0000	5.0000	5.0000
udelRun1A	MB284	0.0196	4.0000	1.0000	4.0000
udelRun1A	MB287	0.0986	3.0000	7.0000	3.0000
udelRun1A	MB298	0.0000	16.0000	0.0000	16.0000
udelRun1A	MB305	0.0000	4.0000	0.0000	4.0000
udelRun1A	MB324	0.0000	2.0000	0.0000	2.0000
udelRun1A	MB326	0.0000	3.0000	0.0000	3.0000
udelRun1A	MB331	0.1200	8.0000	3.0000	8.0000
udelRun1A	MB339	0.2000	8.0000	2.0000	8.0000
udelRun1A	MB344	0.0183	0.0000	15.0000	0.0000
udelRun1A	MB353	0.0000	3.0000	0.0000	3.0000
udelRun1A	MB354	0.0556	12.0000	1.0000	12.0000
udelRun1A	MB357	0.0000	3.0000	0.0000	3.0000
udelRun1A	MB359	0.0000	9.0000	0.0000	9.0000
udelRun1A	MB362	0.0727	3.0000	4.0000	3.0000
udelRun1A	MB366	0.0412	1.0000	4.0000	1.0000
udelRun1A	MB371	0.0680	1.0000	7.0000	1.0000
udelRun1A	MB377	0.0000	5.0000	0.0000	5.0000
udelRun1A	MB379	0.0000	2.0000	0.0000	2.0000
udelRun1A	MB389	0.0000	6.0000	0.0000	6.0000
udelRun1A	MB392	0.0000	1.0000	0.0000	1.0000
udelRun1A	MB400	0.0000	0.0000	0.0000	0.0000
udelRun1A	MB401	0.0289	6.0000	9.0000	6.0000
udelRun1A	MB405	0.0000	1.0000	0.0000	1.0000
udelRun1A	MB409	0.0000	3.0000	0.0000	3.0000
udelRun1A	MB416	0.0000	2.0000	0.0000	2.0000
udelRun1A	MB419	0.0179	2.0000	1.0000	2.0000
udelRun1A	MB432	0.0909	2.0000	4.0000	2.0000
udelRun1A	MB434	0.0145	5.0000	4.0000	5.0000
udelRun1A	MB439	0.0597	2.0000	4.0000	2.0000
udelRun1A	MB448	0.0000	1.0000	0.0000	1.0000
udelRun1A	AVG	0.0272	4.5532	1.9787	4.5532
udelRun2A	MB228	0.0000	0.0000	0.0000	0.0000
udelRun2A	MB236	0.0206	0.0000	2.0000	0.0000
udelRun2A	MB242	0.0274	9.0000	2.0000	9.0000
udelRun2A	MB243	0.0672	7.0000	8.0000	7.0000
udelRun2A	MB246	0.0292	7.0000	5.0000	7.0000
udelRun2A	MB253	0.0000	4.0000	0.0000	4.0000
udelRun2A	MB254	0.0000	1.0000	0.0000	1.0000
udelRun2A	MB255	0.0000	13.0000	0.0000	13.0000
udelRun2A	MB260	0.0000	1.0000	0.0000	1.0000
udelRun2A	MB262	0.0000	2.0000	0.0000	2.0000
udelRun2A	MB265	0.0000	8.0000	0.0000	8.0000
udelRun2A	MB267	0.0000	1.0000	0.0000	1.0000
udelRun2A	MB278	0.1143	4.0000	4.0000	4.0000
udelRun2A	MB284	0.0392	2.0000	2.0000	2.0000
udelRun2A	MB287	0.0704	0.0000	5.0000	0.0000
udelRun2A	MB298	0.0000	14.0000	0.0000	14.0000
udelRun2A	MB305	0.0000	3.0000	0.0000	3.0000
udelRun2A	MB324	0.0000	1.0000	0.0000	1.0000
udelRun2A	MB326	0.0000	1.0000	0.0000	1.0000
udelRun2A	MB331	0.0000	6.0000	0.0000	6.0000
udelRun2A	MB339	0.2000	7.0000	2.0000	7.0000
udelRun2A	MB344	0.0086	0.0000	7.0000	0.0000
udelRun2A	MB353	0.0000	2.0000	0.0000	2.0000
udelRun2A	MB354	0.0556	7.0000	1.0000	7.0000
udelRun2A	MB357	0.0000	1.0000	0.0000	1.0000
udelRun2A	MB359	0.0000	7.0000	0.0000	7.0000
udelRun2A	MB362	0.0364	2.0000	2.0000	2.0000
udelRun2A	MB366	0.0309	1.0000	3.0000	1.0000
udelRun2A	MB371	0.0388	0.0000	4.0000	0.0000
udelRun2A	MB377	0.0000	4.0000	0.0000	4.0000
udelRun2A	MB379	0.0000	2.0000	0.0000	2.0000
udelRun2A	MB389	0.0000	4.0000	0.0000	4.0000
udelRun2A	MB392	0.0000	1.0000	0.0000	1.0000
udelRun2A	MB400	0.0000	0.0000	0.0000	0.0000
udelRun2A	MB401	0.0193	3.0000	6.0000	3.0000
udelRun2A	MB405	0.0000	0.0000	0.0000	0.0000
udelRun2A	MB409	0.0000	1.0000	0.0000	1.0000
udelRun2A	MB416	0.0000	0.0000	0.0000	0.0000
udelRun2A	MB419	0.0000	1.0000	0.0000	1.0000
udelRun2A	MB432	0.0909	0.0000	4.0000	0.0000
udelRun2A	MB434	0.0109	5.0000	3.0000	5.0000
udelRun2A	MB439	0.0597	2.0000	4.0000	2.0000
udelRun2A	MB448	0.0000	1.0000	0.0000	1.0000
udelRun2A	AVG	0.0196	2.8723	1.3617	2.8723
udelRun3A	MB228	0.0000	1.0000	0.0000	1.0000
udelRun3A	MB236	0.0103	4.0000	1.0000	4.0000
udelRun3A	MB242	0.0822	7.0000	6.0000	7.0000
udelRun3A	MB243	0.0084	1.0000	1.0000	1.0000
udelRun3A	MB246	0.0526	9.0000	9.0000	9.0000
udelRun3A	MB253	0.0000	18.0000	0.0000	18.0000
udelRun3A	MB254	0.0000	11.0000	0.0000	11.0000
udelRun3A	MB255	0.0000	18.0000	0.0000	18.0000
udelRun3A	MB260	0.0000	3.0000	0.0000	3.0000
udelRun3A	MB262	0.0448	6.0000	3.0000	6.0000
udelRun3A	MB265	0.0172	10.0000	1.0000	10.0000
udelRun3A	MB267	0.0000	2.0000	0.0000	2.0000
udelRun3A	MB278	0.1143	12.0000	4.0000	12.0000
udelRun3A	MB284	0.0196	6.0000	1.0000	6.0000
udelRun3A	MB287	0.0423	13.0000	3.0000	13.0000
udelRun3A	MB298	0.0000	14.0000	0.0000	14.0000
udelRun3A	MB305	0.0000	3.0000	0.0000	3.0000
udelRun3A	MB324	0.0000	2.0000	0.0000	2.0000
udelRun3A	MB326	0.0500	9.0000	1.0000	9.0000
udelRun3A	MB331	0.0800	9.0000	2.0000	9.0000
udelRun3A	MB339	0.1000	14.0000	1.0000	14.0000
udelRun3A	MB344	0.0220	0.0000	18.0000	0.0000
udelRun3A	MB348	0.0000	0.0000	0.0000	0.0000
udelRun3A	MB353	0.0000	3.0000	0.0000	3.0000
udelRun3A	MB354	0.0556	13.0000	1.0000	13.0000
udelRun3A	MB357	0.0000	2.0000	0.0000	2.0000
udelRun3A	MB359	0.0000	10.0000	0.0000	10.0000
udelRun3A	MB362	0.0727	6.0000	4.0000	6.0000
udelRun3A	MB366	0.0206	5.0000	2.0000	5.0000
udelRun3A	MB371	0.0388	1.0000	4.0000	1.0000
udelRun3A	MB377	0.0000	2.0000	0.0000	2.0000
udelRun3A	MB379	0.0000	3.0000	0.0000	3.0000
udelRun3A	MB383	0.0625	19.0000	1.0000	19.0000
udelRun3A	MB384	0.0000	1.0000	0.0000	1.0000
udelRun3A	MB389	0.0000	3.0000	0.0000	3.0000
udelRun3A	MB391	0.0133	15.0000	1.0000	15.0000
udelRun3A	MB392	0.0000	2.0000	0.0000	2.0000
udelRun3A	MB400	0.0460	1.0000	4.0000	1.0000
udelRun3A	MB401	0.0129	16.0000	4.0000	16.0000
udelRun3A	MB405	0.0000	2.0000	0.0000	2.0000
udelRun3A	MB409	0.0000	2.0000	0.0000	2.0000
udelRun3A	MB416	0.0000	0.0000	0.0000	0.0000
udelRun3A	MB419	0.0714	2.0000	4.0000	2.0000
udelRun3A	MB432	0.1136	6.0000	5.0000	6.0000
udelRun3A	MB434	0.0036	3.0000	1.0000	3.0000
udelRun3A	MB439	0.0448	2.0000	3.0000	2.0000
udelRun3A	MB448	0.0000	2.0000	0.0000	2.0000
udelRun3A	AVG	0.0255	6.2340	1.8085	6.2340
umd_hcil_run01	MB416	0.0000	0.0000	0.0000	0.0000
umd_hcil_run01	AVG	0.0000	0.0000	0.0000	0.0000
umd_hcil_run02	MB236	0.0000	2.0000	0.0000	2.0000
umd_hcil_run02	MB246	0.0000	0.0000	0.0000	0.0000
umd_hcil_run02	MB253	0.0000	0.0000	0.0000	0.0000
umd_hcil_run02	MB254	0.0000	1.0000	0.0000	1.0000
umd_hcil_run02	MB260	0.0000	0.0000	0.0000	0.0000
umd_hcil_run02	MB262	0.0000	9.0000	0.0000	9.0000
umd_hcil_run02	MB265	0.0000	1.0000	0.0000	1.0000
umd_hcil_run02	MB278	0.0000	2.0000	0.0000	2.0000
umd_hcil_run02	MB287	0.0000	2.0000	0.0000	2.0000
umd_hcil_run02	MB298	0.0000	0.0000	0.0000	0.0000
umd_hcil_run02	MB305	0.0000	2.0000	0.0000	2.0000
umd_hcil_run02	MB324	0.0000	0.0000	0.0000	0.0000
umd_hcil_run02	MB331	0.0000	3.0000	0.0000	3.0000
umd_hcil_run02	MB339	0.0000	0.0000	0.0000	0.0000
umd_hcil_run02	MB348	0.0000	0.0000	0.0000	0.0000
umd_hcil_run02	MB353	0.0000	12.0000	0.0000	12.0000
umd_hcil_run02	MB354	0.0000	2.0000	0.0000	2.0000
umd_hcil_run02	MB359	0.0000	1.0000	0.0000	1.0000
umd_hcil_run02	MB371	0.0000	0.0000	0.0000	0.0000
umd_hcil_run02	MB383	0.0000	1.0000	0.0000	1.0000
umd_hcil_run02	MB384	0.0000	2.0000	0.0000	2.0000
umd_hcil_run02	MB392	0.0000	1.0000	0.0000	1.0000
umd_hcil_run02	MB416	0.0000	0.0000	0.0000	0.0000
umd_hcil_run02	MB419	0.0000	3.0000	0.0000	3.0000
umd_hcil_run02	MB434	0.0000	13.0000	0.0000	13.0000
umd_hcil_run02	MB448	0.0000	6.0000	0.0000	6.0000
umd_hcil_run02	AVG	0.0000	1.3404	0.0000	1.3404
UWaterlooATDK	MB242	0.0000	5.0000	0.0000	5.0000
UWaterlooATDK	MB243	0.0084	1.0000	1.0000	1.0000
UWaterlooATDK	MB246	0.0058	1.0000	1.0000	1.0000
UWaterlooATDK	MB253	0.0000	1.0000	0.0000	1.0000
UWaterlooATDK	MB254	0.0000	1.0000	0.0000	1.0000
UWaterlooATDK	MB255	0.0667	2.0000	1.0000	2.0000
UWaterlooATDK	MB262	0.0149	0.0000	1.0000	0.0000
UWaterlooATDK	MB265	0.0345	3.0000	2.0000	3.0000
UWaterlooATDK	MB267	0.0256	1.0000	1.0000	1.0000
UWaterlooATDK	MB278	0.0857	1.0000	3.0000	1.0000
UWaterlooATDK	MB287	0.0563	0.0000	4.0000	0.0000
UWaterlooATDK	MB298	0.0000	0.0000	0.0000	0.0000
UWaterlooATDK	MB305	0.0000	5.0000	0.0000	5.0000
UWaterlooATDK	MB326	0.0000	0.0000	0.0000	0.0000
UWaterlooATDK	MB331	0.1200	9.0000	3.0000	9.0000
UWaterlooATDK	MB339	0.1000	2.0000	1.0000	2.0000
UWaterlooATDK	MB344	0.0086	0.0000	7.0000	0.0000
UWaterlooATDK	MB353	0.0000	0.0000	0.0000	0.0000
UWaterlooATDK	MB354	0.2222	9.0000	4.0000	9.0000
UWaterlooATDK	MB359	0.0000	7.0000	0.0000	7.0000
UWaterlooATDK	MB362	0.1273	3.0000	7.0000	3.0000
UWaterlooATDK	MB366	0.0000	0.0000	0.0000	0.0000
UWaterlooATDK	MB371	0.0194	5.0000	2.0000	5.0000
UWaterlooATDK	MB379	0.0000	0.0000	0.0000	0.0000
UWaterlooATDK	MB383	0.0000	4.0000	0.0000	4.0000
UWaterlooATDK	MB389	0.2353	1.0000	4.0000	1.0000
UWaterlooATDK	MB392	0.0000	0.0000	0.0000	0.0000
UWaterlooATDK	MB400	0.0000	10.0000	0.0000	10.0000
UWaterlooATDK	MB401	0.0322	0.0000	10.0000	0.0000
UWaterlooATDK	MB405	0.0000	0.0000	0.0000	0.0000
UWaterlooATDK	MB409	0.0000	1.0000	0.0000	1.0000
UWaterlooATDK	MB419	0.0357	1.0000	2.0000	1.0000
UWaterlooATDK	MB432	0.1364	6.0000	6.0000	6.0000
UWaterlooATDK	MB434	0.0036	0.0000	1.0000	0.0000
UWaterlooATDK	MB439	0.0597	3.0000	4.0000	3.0000
UWaterlooATDK	AVG	0.0298	1.7447	1.3830	1.7447
UWaterlooATEK	MB242	0.0137	10.0000	1.0000	10.0000
UWaterlooATEK	MB243	0.0084	1.0000	1.0000	1.0000
UWaterlooATEK	MB246	0.0351	7.0000	6.0000	7.0000
UWaterlooATEK	MB253	0.0000	1.0000	0.0000	1.0000
UWaterlooATEK	MB254	0.0000	1.0000	0.0000	1.0000
UWaterlooATEK	MB255	0.0000	2.0000	0.0000	2.0000
UWaterlooATEK	MB260	0.0000	3.0000	0.0000	3.0000
UWaterlooATEK	MB262	0.0149	0.0000	1.0000	0.0000
UWaterlooATEK	MB265	0.0345	3.0000	2.0000	3.0000
UWaterlooATEK	MB267	0.0256	2.0000	1.0000	2.0000
UWaterlooATEK	MB278	0.0857	1.0000	3.0000	1.0000
UWaterlooATEK	MB284	0.0000	0.0000	0.0000	0.0000
UWaterlooATEK	MB287	0.0563	0.0000	4.0000	0.0000
UWaterlooATEK	MB298	0.0000	0.0000	0.0000	0.0000
UWaterlooATEK	MB305	0.0000	6.0000	0.0000	6.0000
UWaterlooATEK	MB326	0.0000	0.0000	0.0000	0.0000
UWaterlooATEK	MB331	0.0800	12.0000	2.0000	12.0000
UWaterlooATEK	MB339	0.2000	1.0000	2.0000	1.0000
UWaterlooATEK	MB344	0.0159	0.0000	13.0000	0.0000
UWaterlooATEK	MB353	0.0000	0.0000	0.0000	0.0000
UWaterlooATEK	MB354	0.3333	9.0000	6.0000	9.0000
UWaterlooATEK	MB359	0.0000	13.0000	0.0000	13.0000
UWaterlooATEK	MB362	0.1091	6.0000	6.0000	6.0000
UWaterlooATEK	MB366	0.0000	0.0000	0.0000	0.0000
UWaterlooATEK	MB371	0.0194	5.0000	2.0000	5.0000
UWaterlooATEK	MB377	0.0000	0.0000	0.0000	0.0000
UWaterlooATEK	MB379	0.0357	0.0000	1.0000	0.0000
UWaterlooATEK	MB383	0.0000	4.0000	0.0000	4.0000
UWaterlooATEK	MB384	0.0000	1.0000	0.0000	1.0000
UWaterlooATEK	MB389	0.1765	3.0000	3.0000	3.0000
UWaterlooATEK	MB392	0.0000	0.0000	0.0000	0.0000
UWaterlooATEK	MB400	0.0000	10.0000	0.0000	10.0000
UWaterlooATEK	MB401	0.0289	2.0000	9.0000	2.0000
UWaterlooATEK	MB405	0.0000	0.0000	0.0000	0.0000
UWaterlooATEK	MB409	0.0000	1.0000	0.0000	1.0000
UWaterlooATEK	MB419	0.0357	1.0000	2.0000	1.0000
UWaterlooATEK	MB432	0.1364	6.0000	6.0000	6.0000
UWaterlooATEK	MB434	0.0036	3.0000	1.0000	3.0000
UWaterlooATEK	MB439	0.0597	3.0000	4.0000	3.0000
UWaterlooATEK	AVG	0.0321	2.4894	1.6170	2.4894
UWaterlooATNDEK	MB228	0.0000	0.0000	0.0000	0.0000
UWaterlooATNDEK	MB242	0.0137	11.0000	1.0000	11.0000
UWaterlooATNDEK	MB243	0.0168	1.0000	2.0000	1.0000
UWaterlooATNDEK	MB246	0.0351	7.0000	6.0000	7.0000
UWaterlooATNDEK	MB253	0.0000	1.0000	0.0000	1.0000
UWaterlooATNDEK	MB254	0.0000	1.0000	0.0000	1.0000
UWaterlooATNDEK	MB255	0.0000	3.0000	0.0000	3.0000
UWaterlooATNDEK	MB260	0.0000	3.0000	0.0000	3.0000
UWaterlooATNDEK	MB262	0.0299	2.0000	2.0000	2.0000
UWaterlooATNDEK	MB265	0.0517	4.0000	3.0000	4.0000
UWaterlooATNDEK	MB267	0.0256	2.0000	1.0000	2.0000
UWaterlooATNDEK	MB278	0.1143	1.0000	4.0000	1.0000
UWaterlooATNDEK	MB284	0.0196	0.0000	1.0000	0.0000
UWaterlooATNDEK	MB287	0.0563	0.0000	4.0000	0.0000
UWaterlooATNDEK	MB298	0.0000	0.0000	0.0000	0.0000
UWaterlooATNDEK	MB305	0.0000	6.0000	0.0000	6.0000
UWaterlooATNDEK	MB324	0.0000	0.0000	0.0000	0.0000
UWaterlooATNDEK	MB326	0.0000	0.0000	0.0000	0.0000
UWaterlooATNDEK	MB331	0.1200	9.0000	3.0000	9.0000
UWaterlooATNDEK	MB339	0.2000	1.0000	2.0000	1.0000
UWaterlooATNDEK	MB344	0.0159	0.0000	13.0000	0.0000
UWaterlooATNDEK	MB353	0.0000	0.0000	0.0000	0.0000
UWaterlooATNDEK	MB354	0.2778	10.0000	5.0000	10.0000
UWaterlooATNDEK	MB359	0.0000	13.0000	0.0000	13.0000
UWaterlooATNDEK	MB362	0.1091	6.0000	6.0000	6.0000
UWaterlooATNDEK	MB366	0.0206	0.0000	2.0000	0.0000
UWaterlooATNDEK	MB371	0.0194	5.0000	2.0000	5.0000
UWaterlooATNDEK	MB377	0.0000	0.0000	0.0000	0.0000
UWaterlooATNDEK	MB379	0.0357	0.0000	1.0000	0.0000
UWaterlooATNDEK	MB383	0.0000	4.0000	0.0000	4.0000
UWaterlooATNDEK	MB384	0.0000	1.0000	0.0000	1.0000
UWaterlooATNDEK	MB389	0.1765	3.0000	3.0000	3.0000
UWaterlooATNDEK	MB392	0.0000	0.0000	0.0000	0.0000
UWaterlooATNDEK	MB400	0.0115	11.0000	1.0000	11.0000
UWaterlooATNDEK	MB401	0.0289	2.0000	9.0000	2.0000
UWaterlooATNDEK	MB405	0.0000	0.0000	0.0000	0.0000
UWaterlooATNDEK	MB409	0.0000	3.0000	0.0000	3.0000
UWaterlooATNDEK	MB419	0.0357	1.0000	2.0000	1.0000
UWaterlooATNDEK	MB432	0.1364	6.0000	6.0000	6.0000
UWaterlooATNDEK	MB434	0.0036	3.0000	1.0000	3.0000
UWaterlooATNDEK	MB439	0.0597	3.0000	4.0000	3.0000
UWaterlooATNDEK	AVG	0.0343	2.6170	1.7872	2.6170
UWCMBP1	MB228	0.0000	0.0000	0.0000	0.0000
UWCMBP1	MB236	0.0206	0.0000	2.0000	0.0000
UWCMBP1	MB242	0.0274	7.0000	2.0000	7.0000
UWCMBP1	MB243	0.0168	2.0000	2.0000	2.0000
UWCMBP1	MB246	0.0351	8.0000	6.0000	8.0000
UWCMBP1	MB253	0.3333	10.0000	1.0000	10.0000
UWCMBP1	MB254	0.0000	3.0000	0.0000	3.0000
UWCMBP1	MB255	0.0000	6.0000	0.0000	6.0000
UWCMBP1	MB260	0.0000	15.0000	0.0000	15.0000
UWCMBP1	MB262	0.0299	4.0000	2.0000	4.0000
UWCMBP1	MB265	0.0172	0.0000	1.0000	0.0000
UWCMBP1	MB267	0.0000	2.0000	0.0000	2.0000
UWCMBP1	MB278	0.0286	4.0000	1.0000	4.0000
UWCMBP1	MB284	0.0000	1.0000	0.0000	1.0000
UWCMBP1	MB287	0.0282	2.0000	2.0000	2.0000
UWCMBP1	MB298	0.0000	11.0000	0.0000	11.0000
UWCMBP1	MB305	0.3333	7.0000	1.0000	7.0000
UWCMBP1	MB324	0.0000	1.0000	0.0000	1.0000
UWCMBP1	MB326	0.0500	0.0000	1.0000	0.0000
UWCMBP1	MB331	0.2000	6.0000	5.0000	6.0000
UWCMBP1	MB339	0.1000	3.0000	1.0000	3.0000
UWCMBP1	MB344	0.0159	0.0000	13.0000	0.0000
UWCMBP1	MB348	0.0000	3.0000	0.0000	3.0000
UWCMBP1	MB353	0.0000	3.0000	0.0000	3.0000
UWCMBP1	MB354	0.1111	5.0000	2.0000	5.0000
UWCMBP1	MB359	0.1250	14.0000	1.0000	14.0000
UWCMBP1	MB362	0.0000	4.0000	0.0000	4.0000
UWCMBP1	MB366	0.0206	0.0000	2.0000	0.0000
UWCMBP1	MB371	0.0194	0.0000	2.0000	0.0000
UWCMBP1	MB377	0.0000	9.0000	0.0000	9.0000
UWCMBP1	MB379	0.0000	0.0000	0.0000	0.0000
UWCMBP1	MB383	0.0000	4.0000	0.0000	4.0000
UWCMBP1	MB384	0.0000	8.0000	0.0000	8.0000
UWCMBP1	MB389	0.0588	4.0000	1.0000	4.0000
UWCMBP1	MB391	0.0267	6.0000	2.0000	6.0000
UWCMBP1	MB392	0.0000	2.0000	0.0000	2.0000
UWCMBP1	MB400	0.0115	1.0000	1.0000	1.0000
UWCMBP1	MB401	0.0225	2.0000	7.0000	2.0000
UWCMBP1	MB409	0.0000	2.0000	0.0000	2.0000
UWCMBP1	MB419	0.0536	0.0000	3.0000	0.0000
UWCMBP1	MB432	0.0227	0.0000	1.0000	0.0000
UWCMBP1	MB434	0.0000	15.0000	0.0000	15.0000
UWCMBP1	MB439	0.0149	2.0000	1.0000	2.0000
UWCMBP1	MB448	0.0000	0.0000	0.0000	0.0000
UWCMBP1	AVG	0.0367	3.7447	1.3404	3.7447
UWCMBP2	MB228	0.0000	0.0000	0.0000	0.0000
UWCMBP2	MB236	0.1237	3.0000	12.0000	3.0000
UWCMBP2	MB242	0.0411	11.0000	3.0000	11.0000
UWCMBP2	MB243	0.0336	6.0000	4.0000	6.0000
UWCMBP2	MB246	0.0409	8.0000	7.0000	8.0000
UWCMBP2	MB253	0.0000	18.0000	0.0000	18.0000
UWCMBP2	MB254	0.0000	8.0000	0.0000	8.0000
UWCMBP2	MB255	0.0667	7.0000	1.0000	7.0000
UWCMBP2	MB260	0.0000	18.0000	0.0000	18.0000
UWCMBP2	MB262	0.0448	15.0000	3.0000	15.0000
UWCMBP2	MB265	0.0172	4.0000	1.0000	4.0000
UWCMBP2	MB267	0.0000	3.0000	0.0000	3.0000
UWCMBP2	MB278	0.0000	10.0000	0.0000	10.0000
UWCMBP2	MB284	0.0196	4.0000	1.0000	4.0000
UWCMBP2	MB287	0.0000	6.0000	0.0000	6.0000
UWCMBP2	MB298	0.0000	16.0000	0.0000	16.0000
UWCMBP2	MB305	0.0000	16.0000	0.0000	16.0000
UWCMBP2	MB324	0.0000	12.0000	0.0000	12.0000
UWCMBP2	MB326	0.0500	0.0000	1.0000	0.0000
UWCMBP2	MB331	0.0400	6.0000	1.0000	6.0000
UWCMBP2	MB339	0.1000	8.0000	1.0000	8.0000
UWCMBP2	MB344	0.0196	0.0000	16.0000	0.0000
UWCMBP2	MB348	0.0541	13.0000	2.0000	13.0000
UWCMBP2	MB353	0.0000	17.0000	0.0000	17.0000
UWCMBP2	MB354	0.1111	11.0000	2.0000	11.0000
UWCMBP2	MB357	0.0000	0.0000	0.0000	0.0000
UWCMBP2	MB359	0.0000	14.0000	0.0000	14.0000
UWCMBP2	MB362	0.0000	0.0000	0.0000	0.0000
UWCMBP2	MB366	0.0206	12.0000	2.0000	12.0000
UWCMBP2	MB371	0.0097	3.0000	1.0000	3.0000
UWCMBP2	MB377	0.0000	16.0000	0.0000	16.0000
UWCMBP2	MB379	0.0000	0.0000	0.0000	0.0000
UWCMBP2	MB383	0.0000	17.0000	0.0000	17.0000
UWCMBP2	MB384	0.0000	9.0000	0.0000	9.0000
UWCMBP2	MB389	0.0000	11.0000	0.0000	11.0000
UWCMBP2	MB391	0.0000	2.0000	0.0000	2.0000
UWCMBP2	MB392	0.0000	0.0000	0.0000	0.0000
UWCMBP2	MB401	0.0225	8.0000	7.0000	8.0000
UWCMBP2	MB405	0.0000	0.0000	0.0000	0.0000
UWCMBP2	MB409	0.0000	4.0000	0.0000	4.0000
UWCMBP2	MB416	0.1250	11.0000	1.0000	11.0000
UWCMBP2	MB419	0.0893	11.0000	5.0000	11.0000
UWCMBP2	MB434	0.0000	18.0000	0.0000	18.0000
UWCMBP2	MB439	0.0299	3.0000	2.0000	3.0000
UWCMBP2	MB448	0.0000	10.0000	0.0000	10.0000
UWCMBP2	AVG	0.0225	7.8511	1.5532	7.8511
